ts;Time;temp1;temp2;Package id 0;Core 0;Core 1
1554128589;2019-04-01:18:23;+27.8;	+29.8;	+35.0;	+34.0;	+34.0
1554128592;2019-04-01:18:23;+27.8;	+29.8;	+35.0;	+35.0;	+34.0
1554128595;2019-04-01:18:23;+27.8;	+29.8;	+36.0;	+34.0;	+34.0
1554128598;2019-04-01:18:23;+27.8;	+29.8;	+36.0;	+35.0;	+34.0
1554128601;2019-04-01:18:23;+27.8;	+29.8;	+36.0;	+35.0;	+34.0
1554128604;2019-04-01:18:23;+27.8;	+29.8;	+72.0;	+72.0;	+71.0
1554128607;2019-04-01:18:23;+27.8;	+29.8;	+74.0;	+74.0;	+72.0
1554128610;2019-04-01:18:23;+27.8;	+29.8;	+77.0;	+77.0;	+74.0
1554128613;2019-04-01:18:23;+27.8;	+29.8;	+78.0;	+78.0;	+76.0
1554128616;2019-04-01:18:23;+27.8;	+29.8;	+80.0;	+80.0;	+73.0
1554128619;2019-04-01:18:23;+27.8;	+29.8;	+80.0;	+80.0;	+75.0
1554128622;2019-04-01:18:23;+27.8;	+29.8;	+76.0;	+76.0;	+74.0
1554128625;2019-04-01:18:23;+27.8;	+29.8;	+58.0;	+58.0;	+54.0
1554128628;2019-04-01:18:23;+27.8;	+29.8;	+58.0;	+58.0;	+53.0
1554128631;2019-04-01:18:23;+27.8;	+29.8;	+56.0;	+56.0;	+53.0
1554128634;2019-04-01:18:23;+27.8;	+29.8;	+56.0;	+56.0;	+54.0
1554128637;2019-04-01:18:23;+27.8;	+29.8;	+56.0;	+56.0;	+53.0
1554128640;2019-04-01:18:24;+27.8;	+29.8;	+56.0;	+56.0;	+55.0
1554128643;2019-04-01:18:24;+27.8;	+29.8;	+79.0;	+79.0;	+74.0
1554128647;2019-04-01:18:24;+27.8;	+29.8;	+75.0;	+75.0;	+73.0
1554128650;2019-04-01:18:24;+27.8;	+29.8;	+57.0;	+57.0;	+55.0
1554128653;2019-04-01:18:24;+27.8;	+29.8;	+56.0;	+56.0;	+54.0
1554128656;2019-04-01:18:24;+27.8;	+29.8;	+57.0;	+57.0;	+54.0
1554128659;2019-04-01:18:24;+27.8;	+29.8;	+56.0;	+56.0;	+54.0
1554128662;2019-04-01:18:24;+27.8;	+29.8;	+57.0;	+57.0;	+54.0
1554128665;2019-04-01:18:24;+27.8;	+29.8;	+56.0;	+56.0;	+54.0
1554128668;2019-04-01:18:24;+27.8;	+29.8;	+57.0;	+57.0;	+54.0
1554128671;2019-04-01:18:24;+27.8;	+29.8;	+58.0;	+58.0;	+54.0
1554128674;2019-04-01:18:24;+27.8;	+29.8;	+57.0;	+57.0;	+54.0
1554128677;2019-04-01:18:24;+27.8;	+29.8;	+58.0;	+58.0;	+54.0
1554128680;2019-04-01:18:24;+27.8;	+29.8;	+58.0;	+58.0;	+55.0
1554128683;2019-04-01:18:24;+27.8;	+29.8;	+58.0;	+58.0;	+54.0
1554128686;2019-04-01:18:24;+27.8;	+29.8;	+58.0;	+58.0;	+54.0
1554128689;2019-04-01:18:24;+27.8;	+29.8;	+78.0;	+78.0;	+75.0
1554128692;2019-04-01:18:24;+27.8;	+29.8;	+59.0;	+59.0;	+55.0
1554128695;2019-04-01:18:24;+27.8;	+29.8;	+58.0;	+58.0;	+54.0
1554128698;2019-04-01:18:24;+27.8;	+29.8;	+56.0;	+56.0;	+55.0
1554128701;2019-04-01:18:25;+27.8;	+29.8;	+58.0;	+58.0;	+54.0
1554128704;2019-04-01:18:25;+27.8;	+29.8;	+58.0;	+58.0;	+55.0
1554128707;2019-04-01:18:25;+27.8;	+29.8;	+58.0;	+58.0;	+55.0
1554128710;2019-04-01:18:25;+27.8;	+29.8;	+58.0;	+58.0;	+54.0
1554128713;2019-04-01:18:25;+27.8;	+29.8;	+58.0;	+59.0;	+54.0
1554128716;2019-04-01:18:25;+27.8;	+29.8;	+58.0;	+58.0;	+55.0
1554128719;2019-04-01:18:25;+27.8;	+29.8;	+58.0;	+58.0;	+54.0
1554128722;2019-04-01:18:25;+27.8;	+29.8;	+58.0;	+58.0;	+55.0
1554128725;2019-04-01:18:25;+27.8;	+29.8;	+58.0;	+58.0;	+55.0
1554128728;2019-04-01:18:25;+27.8;	+29.8;	+56.0;	+56.0;	+54.0
1554128731;2019-04-01:18:25;+27.8;	+29.8;	+57.0;	+57.0;	+55.0
1554128734;2019-04-01:18:25;+27.8;	+29.8;	+58.0;	+58.0;	+54.0
1554128737;2019-04-01:18:25;+27.8;	+29.8;	+59.0;	+59.0;	+55.0
1554128740;2019-04-01:18:25;+27.8;	+29.8;	+57.0;	+57.0;	+56.0
1554128743;2019-04-01:18:25;+27.8;	+29.8;	+58.0;	+58.0;	+55.0
1554128746;2019-04-01:18:25;+27.8;	+29.8;	+58.0;	+58.0;	+55.0
1554128749;2019-04-01:18:25;+27.8;	+29.8;	+58.0;	+58.0;	+54.0
1554128752;2019-04-01:18:25;+27.8;	+29.8;	+59.0;	+59.0;	+54.0
1554128755;2019-04-01:18:25;+27.8;	+29.8;	+59.0;	+59.0;	+54.0
1554128759;2019-04-01:18:25;+27.8;	+29.8;	+59.0;	+59.0;	+54.0
1554128762;2019-04-01:18:26;+27.8;	+29.8;	+58.0;	+58.0;	+54.0
1554128765;2019-04-01:18:26;+27.8;	+29.8;	+59.0;	+59.0;	+55.0
1554128768;2019-04-01:18:26;+27.8;	+29.8;	+59.0;	+59.0;	+55.0
1554128771;2019-04-01:18:26;+27.8;	+29.8;	+58.0;	+58.0;	+55.0
1554128774;2019-04-01:18:26;+27.8;	+29.8;	+59.0;	+59.0;	+56.0
1554128777;2019-04-01:18:26;+27.8;	+29.8;	+58.0;	+58.0;	+54.0
1554128780;2019-04-01:18:26;+27.8;	+29.8;	+58.0;	+58.0;	+54.0
1554128783;2019-04-01:18:26;+27.8;	+29.8;	+58.0;	+58.0;	+55.0
1554128786;2019-04-01:18:26;+27.8;	+29.8;	+59.0;	+59.0;	+56.0
1554128789;2019-04-01:18:26;+27.8;	+29.8;	+59.0;	+59.0;	+54.0
1554128792;2019-04-01:18:26;+27.8;	+29.8;	+59.0;	+59.0;	+54.0
1554128795;2019-04-01:18:26;+27.8;	+29.8;	+56.0;	+56.0;	+55.0
1554128798;2019-04-01:18:26;+27.8;	+29.8;	+59.0;	+59.0;	+55.0
1554128801;2019-04-01:18:26;+27.8;	+29.8;	+59.0;	+59.0;	+55.0
1554128804;2019-04-01:18:26;+27.8;	+29.8;	+59.0;	+59.0;	+55.0
1554128807;2019-04-01:18:26;+27.8;	+29.8;	+59.0;	+59.0;	+55.0
1554128810;2019-04-01:18:26;+27.8;	+29.8;	+59.0;	+59.0;	+56.0
1554128813;2019-04-01:18:26;+27.8;	+29.8;	+58.0;	+58.0;	+55.0
1554128816;2019-04-01:18:26;+27.8;	+29.8;	+59.0;	+59.0;	+55.0
1554128819;2019-04-01:18:26;+27.8;	+29.8;	+59.0;	+59.0;	+56.0
1554128822;2019-04-01:18:27;+27.8;	+29.8;	+59.0;	+59.0;	+55.0
1554128825;2019-04-01:18:27;+27.8;	+29.8;	+58.0;	+58.0;	+55.0
1554128828;2019-04-01:18:27;+27.8;	+29.8;	+59.0;	+59.0;	+56.0
1554128831;2019-04-01:18:27;+27.8;	+29.8;	+59.0;	+59.0;	+56.0
1554128834;2019-04-01:18:27;+27.8;	+29.8;	+60.0;	+60.0;	+55.0
1554128837;2019-04-01:18:27;+27.8;	+29.8;	+59.0;	+59.0;	+55.0
1554128840;2019-04-01:18:27;+27.8;	+29.8;	+59.0;	+59.0;	+55.0
1554128843;2019-04-01:18:27;+27.8;	+29.8;	+59.0;	+59.0;	+56.0
1554128846;2019-04-01:18:27;+27.8;	+29.8;	+59.0;	+59.0;	+56.0
1554128849;2019-04-01:18:27;+27.8;	+29.8;	+59.0;	+59.0;	+56.0
1554128852;2019-04-01:18:27;+27.8;	+29.8;	+60.0;	+60.0;	+55.0
1554128855;2019-04-01:18:27;+27.8;	+29.8;	+59.0;	+59.0;	+55.0
1554128859;2019-04-01:18:27;+27.8;	+29.8;	+59.0;	+59.0;	+56.0
1554128862;2019-04-01:18:27;+27.8;	+29.8;	+61.0;	+61.0;	+56.0
1554128865;2019-04-01:18:27;+27.8;	+29.8;	+61.0;	+61.0;	+57.0
1554128868;2019-04-01:18:27;+27.8;	+29.8;	+60.0;	+60.0;	+56.0
1554128871;2019-04-01:18:27;+27.8;	+29.8;	+60.0;	+60.0;	+55.0
1554128874;2019-04-01:18:27;+27.8;	+29.8;	+60.0;	+60.0;	+56.0
1554128877;2019-04-01:18:27;+27.8;	+29.8;	+59.0;	+59.0;	+56.0
1554128880;2019-04-01:18:28;+27.8;	+29.8;	+60.0;	+60.0;	+55.0
1554128883;2019-04-01:18:28;+27.8;	+29.8;	+60.0;	+60.0;	+58.0
1554128886;2019-04-01:18:28;+27.8;	+29.8;	+58.0;	+58.0;	+56.0
1554128889;2019-04-01:18:28;+27.8;	+29.8;	+59.0;	+59.0;	+56.0
1554128892;2019-04-01:18:28;+27.8;	+29.8;	+61.0;	+61.0;	+56.0
1554128895;2019-04-01:18:28;+27.8;	+29.8;	+59.0;	+59.0;	+56.0
1554128898;2019-04-01:18:28;+27.8;	+29.8;	+59.0;	+59.0;	+57.0
1554128901;2019-04-01:18:28;+27.8;	+29.8;	+61.0;	+61.0;	+57.0
1554128904;2019-04-01:18:28;+27.8;	+29.8;	+60.0;	+60.0;	+56.0
1554128907;2019-04-01:18:28;+27.8;	+29.8;	+59.0;	+59.0;	+57.0
1554128910;2019-04-01:18:28;+27.8;	+29.8;	+59.0;	+59.0;	+57.0
1554128913;2019-04-01:18:28;+27.8;	+29.8;	+59.0;	+59.0;	+56.0
1554128916;2019-04-01:18:28;+27.8;	+29.8;	+59.0;	+59.0;	+56.0
1554128919;2019-04-01:18:28;+27.8;	+29.8;	+59.0;	+59.0;	+57.0
1554128922;2019-04-01:18:28;+27.8;	+29.8;	+60.0;	+60.0;	+58.0
1554128925;2019-04-01:18:28;+27.8;	+29.8;	+60.0;	+60.0;	+57.0
1554128928;2019-04-01:18:28;+27.8;	+29.8;	+61.0;	+61.0;	+57.0
1554128931;2019-04-01:18:28;+27.8;	+29.8;	+60.0;	+60.0;	+57.0
1554128934;2019-04-01:18:28;+27.8;	+29.8;	+60.0;	+60.0;	+56.0
1554128937;2019-04-01:18:28;+27.8;	+29.8;	+61.0;	+61.0;	+56.0
1554128940;2019-04-01:18:29;+27.8;	+29.8;	+60.0;	+60.0;	+56.0
1554128943;2019-04-01:18:29;+27.8;	+29.8;	+58.0;	+58.0;	+57.0
1554128946;2019-04-01:18:29;+27.8;	+29.8;	+60.0;	+60.0;	+57.0
1554128949;2019-04-01:18:29;+27.8;	+29.8;	+60.0;	+60.0;	+57.0
1554128953;2019-04-01:18:29;+27.8;	+29.8;	+60.0;	+60.0;	+56.0
1554128956;2019-04-01:18:29;+27.8;	+29.8;	+60.0;	+60.0;	+57.0
1554128959;2019-04-01:18:29;+27.8;	+29.8;	+59.0;	+59.0;	+57.0
1554128962;2019-04-01:18:29;+27.8;	+29.8;	+60.0;	+60.0;	+56.0
1554128965;2019-04-01:18:29;+27.8;	+29.8;	+60.0;	+60.0;	+58.0
1554128968;2019-04-01:18:29;+27.8;	+29.8;	+60.0;	+60.0;	+57.0
1554128971;2019-04-01:18:29;+27.8;	+29.8;	+61.0;	+61.0;	+57.0
1554128974;2019-04-01:18:29;+27.8;	+29.8;	+61.0;	+61.0;	+57.0
1554128977;2019-04-01:18:29;+27.8;	+29.8;	+61.0;	+62.0;	+58.0
1554128980;2019-04-01:18:29;+27.8;	+29.8;	+61.0;	+61.0;	+56.0
1554128983;2019-04-01:18:29;+27.8;	+29.8;	+61.0;	+61.0;	+56.0
1554128986;2019-04-01:18:29;+27.8;	+29.8;	+61.0;	+61.0;	+57.0
1554128989;2019-04-01:18:29;+27.8;	+29.8;	+60.0;	+60.0;	+58.0
1554128992;2019-04-01:18:29;+27.8;	+29.8;	+60.0;	+60.0;	+56.0
1554128995;2019-04-01:18:29;+27.8;	+29.8;	+60.0;	+60.0;	+56.0
1554128998;2019-04-01:18:29;+27.8;	+29.8;	+60.0;	+60.0;	+58.0
1554129001;2019-04-01:18:30;+27.8;	+29.8;	+59.0;	+59.0;	+57.0
1554129004;2019-04-01:18:30;+27.8;	+29.8;	+61.0;	+61.0;	+57.0
1554129007;2019-04-01:18:30;+27.8;	+29.8;	+59.0;	+58.0;	+57.0
1554129010;2019-04-01:18:30;+27.8;	+29.8;	+61.0;	+61.0;	+58.0
1554129013;2019-04-01:18:30;+27.8;	+29.8;	+60.0;	+60.0;	+58.0
1554129016;2019-04-01:18:30;+27.8;	+29.8;	+60.0;	+60.0;	+58.0
1554129019;2019-04-01:18:30;+27.8;	+29.8;	+61.0;	+61.0;	+58.0
1554129022;2019-04-01:18:30;+27.8;	+29.8;	+61.0;	+61.0;	+57.0
1554129025;2019-04-01:18:30;+27.8;	+29.8;	+61.0;	+61.0;	+58.0
1554129028;2019-04-01:18:30;+27.8;	+29.8;	+61.0;	+61.0;	+57.0
1554129031;2019-04-01:18:30;+27.8;	+29.8;	+60.0;	+60.0;	+58.0
1554129034;2019-04-01:18:30;+27.8;	+29.8;	+61.0;	+60.0;	+58.0
1554129037;2019-04-01:18:30;+27.8;	+29.8;	+60.0;	+60.0;	+57.0
1554129040;2019-04-01:18:30;+27.8;	+29.8;	+61.0;	+61.0;	+59.0
1554129043;2019-04-01:18:30;+27.8;	+29.8;	+61.0;	+61.0;	+58.0
1554129046;2019-04-01:18:30;+27.8;	+29.8;	+61.0;	+61.0;	+58.0
1554129050;2019-04-01:18:30;+27.8;	+29.8;	+61.0;	+61.0;	+57.0
1554129053;2019-04-01:18:30;+27.8;	+29.8;	+61.0;	+61.0;	+58.0
1554129056;2019-04-01:18:30;+27.8;	+29.8;	+61.0;	+61.0;	+59.0
1554129059;2019-04-01:18:30;+27.8;	+29.8;	+61.0;	+61.0;	+58.0
1554129062;2019-04-01:18:31;+27.8;	+29.8;	+61.0;	+61.0;	+58.0
1554129065;2019-04-01:18:31;+27.8;	+29.8;	+61.0;	+61.0;	+59.0
1554129068;2019-04-01:18:31;+27.8;	+29.8;	+61.0;	+61.0;	+57.0
1554129071;2019-04-01:18:31;+27.8;	+29.8;	+61.0;	+61.0;	+59.0
1554129074;2019-04-01:18:31;+27.8;	+29.8;	+61.0;	+61.0;	+58.0
1554129077;2019-04-01:18:31;+27.8;	+29.8;	+61.0;	+61.0;	+59.0
1554129080;2019-04-01:18:31;+27.8;	+29.8;	+61.0;	+61.0;	+58.0
1554129083;2019-04-01:18:31;+27.8;	+29.8;	+61.0;	+62.0;	+59.0
1554129086;2019-04-01:18:31;+27.8;	+29.8;	+60.0;	+60.0;	+57.0
1554129089;2019-04-01:18:31;+27.8;	+29.8;	+61.0;	+61.0;	+57.0
1554129092;2019-04-01:18:31;+27.8;	+29.8;	+62.0;	+62.0;	+59.0
1554129095;2019-04-01:18:31;+27.8;	+29.8;	+60.0;	+60.0;	+58.0
1554129098;2019-04-01:18:31;+27.8;	+29.8;	+61.0;	+61.0;	+58.0
1554129101;2019-04-01:18:31;+27.8;	+29.8;	+61.0;	+61.0;	+58.0
1554129104;2019-04-01:18:31;+27.8;	+29.8;	+61.0;	+61.0;	+59.0
1554129107;2019-04-01:18:31;+27.8;	+29.8;	+61.0;	+61.0;	+58.0
1554129110;2019-04-01:18:31;+27.8;	+29.8;	+61.0;	+61.0;	+58.0
1554129113;2019-04-01:18:31;+27.8;	+29.8;	+63.0;	+63.0;	+59.0
1554129116;2019-04-01:18:31;+27.8;	+29.8;	+61.0;	+61.0;	+59.0
1554129119;2019-04-01:18:31;+27.8;	+29.8;	+62.0;	+62.0;	+58.0
1554129122;2019-04-01:18:32;+27.8;	+29.8;	+62.0;	+62.0;	+58.0
1554129125;2019-04-01:18:32;+27.8;	+29.8;	+61.0;	+61.0;	+58.0
1554129128;2019-04-01:18:32;+27.8;	+29.8;	+61.0;	+61.0;	+58.0
1554129131;2019-04-01:18:32;+27.8;	+29.8;	+63.0;	+63.0;	+58.0
1554129135;2019-04-01:18:32;+27.8;	+29.8;	+63.0;	+63.0;	+59.0
1554129138;2019-04-01:18:32;+27.8;	+29.8;	+62.0;	+62.0;	+58.0
1554129141;2019-04-01:18:32;+27.8;	+29.8;	+62.0;	+62.0;	+58.0
1554129144;2019-04-01:18:32;+27.8;	+29.8;	+62.0;	+62.0;	+58.0
1554129147;2019-04-01:18:32;+27.8;	+29.8;	+62.0;	+62.0;	+59.0
1554129150;2019-04-01:18:32;+27.8;	+29.8;	+62.0;	+62.0;	+58.0
1554129153;2019-04-01:18:32;+27.8;	+29.8;	+62.0;	+62.0;	+60.0
1554129156;2019-04-01:18:32;+27.8;	+29.8;	+62.0;	+63.0;	+60.0
1554129159;2019-04-01:18:32;+27.8;	+29.8;	+61.0;	+61.0;	+59.0
1554129162;2019-04-01:18:32;+27.8;	+29.8;	+61.0;	+61.0;	+60.0
1554129165;2019-04-01:18:32;+27.8;	+29.8;	+61.0;	+61.0;	+58.0
1554129168;2019-04-01:18:32;+27.8;	+29.8;	+62.0;	+62.0;	+59.0
1554129171;2019-04-01:18:32;+27.8;	+29.8;	+62.0;	+62.0;	+59.0
1554129174;2019-04-01:18:32;+27.8;	+29.8;	+63.0;	+63.0;	+59.0
1554129177;2019-04-01:18:32;+27.8;	+29.8;	+62.0;	+62.0;	+59.0
1554129180;2019-04-01:18:33;+27.8;	+29.8;	+62.0;	+62.0;	+60.0
1554129183;2019-04-01:18:33;+27.8;	+29.8;	+62.0;	+62.0;	+59.0
1554129186;2019-04-01:18:33;+27.8;	+29.8;	+62.0;	+62.0;	+59.0
1554129189;2019-04-01:18:33;+27.8;	+29.8;	+60.0;	+60.0;	+59.0
1554129192;2019-04-01:18:33;+27.8;	+29.8;	+61.0;	+61.0;	+59.0
1554129195;2019-04-01:18:33;+27.8;	+29.8;	+61.0;	+61.0;	+59.0
1554129198;2019-04-01:18:33;+27.8;	+29.8;	+62.0;	+62.0;	+59.0
1554129201;2019-04-01:18:33;+27.8;	+29.8;	+63.0;	+63.0;	+60.0
1554129204;2019-04-01:18:33;+27.8;	+29.8;	+61.0;	+61.0;	+60.0
1554129207;2019-04-01:18:33;+27.8;	+29.8;	+61.0;	+61.0;	+60.0
1554129210;2019-04-01:18:33;+27.8;	+29.8;	+61.0;	+61.0;	+59.0
1554129213;2019-04-01:18:33;+27.8;	+29.8;	+61.0;	+61.0;	+58.0
1554129216;2019-04-01:18:33;+27.8;	+29.8;	+62.0;	+62.0;	+59.0
1554129219;2019-04-01:18:33;+27.8;	+29.8;	+63.0;	+63.0;	+59.0
1554129222;2019-04-01:18:33;+27.8;	+29.8;	+63.0;	+63.0;	+59.0
1554129225;2019-04-01:18:33;+27.8;	+29.8;	+63.0;	+63.0;	+59.0
1554129228;2019-04-01:18:33;+27.8;	+29.8;	+61.0;	+61.0;	+59.0
1554129231;2019-04-01:18:33;+27.8;	+29.8;	+61.0;	+61.0;	+59.0
1554129234;2019-04-01:18:33;+27.8;	+29.8;	+61.0;	+61.0;	+59.0
1554129237;2019-04-01:18:33;+27.8;	+29.8;	+63.0;	+63.0;	+59.0
1554129240;2019-04-01:18:34;+27.8;	+29.8;	+63.0;	+63.0;	+60.0
1554129243;2019-04-01:18:34;+27.8;	+29.8;	+63.0;	+63.0;	+59.0
1554129247;2019-04-01:18:34;+27.8;	+29.8;	+61.0;	+61.0;	+59.0
1554129250;2019-04-01:18:34;+27.8;	+29.8;	+61.0;	+61.0;	+59.0
1554129253;2019-04-01:18:34;+27.8;	+29.8;	+61.0;	+61.0;	+60.0
1554129256;2019-04-01:18:34;+27.8;	+29.8;	+62.0;	+62.0;	+60.0
1554129259;2019-04-01:18:34;+27.8;	+29.8;	+63.0;	+63.0;	+59.0
1554129262;2019-04-01:18:34;+27.8;	+29.8;	+63.0;	+63.0;	+59.0
1554129265;2019-04-01:18:34;+27.8;	+29.8;	+63.0;	+63.0;	+60.0
1554129268;2019-04-01:18:34;+27.8;	+29.8;	+63.0;	+63.0;	+60.0
1554129271;2019-04-01:18:34;+27.8;	+29.8;	+63.0;	+63.0;	+60.0
1554129274;2019-04-01:18:34;+27.8;	+29.8;	+62.0;	+62.0;	+60.0
1554129277;2019-04-01:18:34;+27.8;	+29.8;	+63.0;	+63.0;	+60.0
1554129280;2019-04-01:18:34;+27.8;	+29.8;	+63.0;	+63.0;	+60.0
1554129283;2019-04-01:18:34;+27.8;	+29.8;	+62.0;	+62.0;	+58.0
1554129286;2019-04-01:18:34;+27.8;	+29.8;	+62.0;	+62.0;	+59.0
1554129289;2019-04-01:18:34;+27.8;	+29.8;	+63.0;	+63.0;	+59.0
1554129292;2019-04-01:18:34;+27.8;	+29.8;	+62.0;	+62.0;	+60.0
1554129295;2019-04-01:18:34;+27.8;	+29.8;	+63.0;	+63.0;	+60.0
1554129298;2019-04-01:18:34;+27.8;	+29.8;	+63.0;	+63.0;	+61.0
1554129301;2019-04-01:18:35;+27.8;	+29.8;	+62.0;	+62.0;	+61.0
1554129304;2019-04-01:18:35;+27.8;	+29.8;	+63.0;	+63.0;	+60.0
1554129307;2019-04-01:18:35;+27.8;	+29.8;	+61.0;	+61.0;	+59.0
1554129310;2019-04-01:18:35;+27.8;	+29.8;	+63.0;	+63.0;	+60.0
1554129313;2019-04-01:18:35;+27.8;	+29.8;	+63.0;	+63.0;	+59.0
1554129316;2019-04-01:18:35;+27.8;	+29.8;	+63.0;	+63.0;	+61.0
1554129319;2019-04-01:18:35;+27.8;	+29.8;	+63.0;	+63.0;	+59.0
1554129322;2019-04-01:18:35;+27.8;	+29.8;	+63.0;	+63.0;	+59.0
1554129326;2019-04-01:18:35;+27.8;	+29.8;	+63.0;	+63.0;	+59.0
1554129329;2019-04-01:18:35;+27.8;	+29.8;	+63.0;	+63.0;	+61.0
1554129332;2019-04-01:18:35;+27.8;	+29.8;	+64.0;	+64.0;	+59.0
1554129335;2019-04-01:18:35;+27.8;	+29.8;	+63.0;	+63.0;	+60.0
1554129338;2019-04-01:18:35;+27.8;	+29.8;	+63.0;	+63.0;	+59.0
1554129341;2019-04-01:18:35;+27.8;	+29.8;	+63.0;	+63.0;	+60.0
1554129344;2019-04-01:18:35;+27.8;	+29.8;	+63.0;	+63.0;	+60.0
1554129347;2019-04-01:18:35;+27.8;	+29.8;	+64.0;	+64.0;	+60.0
1554129350;2019-04-01:18:35;+27.8;	+29.8;	+64.0;	+64.0;	+60.0
1554129353;2019-04-01:18:35;+27.8;	+29.8;	+63.0;	+63.0;	+60.0
1554129357;2019-04-01:18:35;+27.8;	+29.8;	+63.0;	+63.0;	+60.0
1554129360;2019-04-01:18:36;+27.8;	+29.8;	+63.0;	+63.0;	+60.0
1554129363;2019-04-01:18:36;+27.8;	+29.8;	+63.0;	+63.0;	+60.0
1554129366;2019-04-01:18:36;+27.8;	+29.8;	+63.0;	+63.0;	+60.0
1554129369;2019-04-01:18:36;+27.8;	+29.8;	+63.0;	+63.0;	+61.0
1554129372;2019-04-01:18:36;+27.8;	+29.8;	+65.0;	+65.0;	+61.0
1554129375;2019-04-01:18:36;+27.8;	+29.8;	+64.0;	+64.0;	+60.0
1554129378;2019-04-01:18:36;+27.8;	+29.8;	+64.0;	+64.0;	+59.0
1554129381;2019-04-01:18:36;+27.8;	+29.8;	+63.0;	+63.0;	+61.0
1554129384;2019-04-01:18:36;+27.8;	+29.8;	+62.0;	+62.0;	+60.0
1554129387;2019-04-01:18:36;+27.8;	+29.8;	+64.0;	+64.0;	+60.0
1554129390;2019-04-01:18:36;+27.8;	+29.8;	+63.0;	+63.0;	+60.0
1554129393;2019-04-01:18:36;+27.8;	+29.8;	+64.0;	+64.0;	+57.0
1554129396;2019-04-01:18:36;+27.8;	+29.8;	+63.0;	+63.0;	+61.0
1554129399;2019-04-01:18:36;+27.8;	+29.8;	+63.0;	+63.0;	+60.0
1554129402;2019-04-01:18:36;+27.8;	+29.8;	+63.0;	+63.0;	+59.0
1554129405;2019-04-01:18:36;+27.8;	+29.8;	+64.0;	+64.0;	+61.0
1554129408;2019-04-01:18:36;+27.8;	+29.8;	+63.0;	+63.0;	+61.0
1554129411;2019-04-01:18:36;+27.8;	+29.8;	+64.0;	+64.0;	+60.0
1554129414;2019-04-01:18:36;+27.8;	+29.8;	+63.0;	+63.0;	+61.0
1554129417;2019-04-01:18:36;+27.8;	+29.8;	+63.0;	+63.0;	+61.0
1554129420;2019-04-01:18:37;+27.8;	+29.8;	+64.0;	+64.0;	+60.0
1554129423;2019-04-01:18:37;+27.8;	+29.8;	+63.0;	+64.0;	+61.0
1554129426;2019-04-01:18:37;+27.8;	+29.8;	+63.0;	+63.0;	+60.0
1554129429;2019-04-01:18:37;+27.8;	+29.8;	+63.0;	+63.0;	+60.0
1554129432;2019-04-01:18:37;+27.8;	+29.8;	+64.0;	+64.0;	+60.0
1554129435;2019-04-01:18:37;+27.8;	+29.8;	+63.0;	+63.0;	+60.0
1554129438;2019-04-01:18:37;+27.8;	+29.8;	+64.0;	+64.0;	+61.0
1554129441;2019-04-01:18:37;+27.8;	+29.8;	+63.0;	+63.0;	+61.0
1554129444;2019-04-01:18:37;+27.8;	+29.8;	+63.0;	+63.0;	+60.0
1554129447;2019-04-01:18:37;+27.8;	+29.8;	+63.0;	+63.0;	+60.0
1554129450;2019-04-01:18:37;+27.8;	+29.8;	+63.0;	+63.0;	+61.0
1554129454;2019-04-01:18:37;+27.8;	+29.8;	+63.0;	+63.0;	+60.0
1554129457;2019-04-01:18:37;+27.8;	+29.8;	+65.0;	+65.0;	+60.0
1554129460;2019-04-01:18:37;+27.8;	+29.8;	+64.0;	+64.0;	+60.0
1554129463;2019-04-01:18:37;+27.8;	+29.8;	+65.0;	+65.0;	+60.0
1554129466;2019-04-01:18:37;+27.8;	+29.8;	+64.0;	+64.0;	+60.0
1554129469;2019-04-01:18:37;+27.8;	+29.8;	+64.0;	+64.0;	+61.0
1554129472;2019-04-01:18:37;+27.8;	+29.8;	+65.0;	+65.0;	+60.0
1554129475;2019-04-01:18:37;+27.8;	+29.8;	+63.0;	+63.0;	+60.0
1554129478;2019-04-01:18:37;+27.8;	+29.8;	+64.0;	+64.0;	+60.0
1554129481;2019-04-01:18:38;+27.8;	+29.8;	+65.0;	+65.0;	+60.0
1554129484;2019-04-01:18:38;+27.8;	+29.8;	+63.0;	+63.0;	+59.0
1554129487;2019-04-01:18:38;+27.8;	+29.8;	+63.0;	+63.0;	+60.0
1554129490;2019-04-01:18:38;+27.8;	+29.8;	+64.0;	+64.0;	+62.0
1554129493;2019-04-01:18:38;+27.8;	+29.8;	+64.0;	+64.0;	+61.0
1554129496;2019-04-01:18:38;+27.8;	+29.8;	+64.0;	+64.0;	+61.0
1554129499;2019-04-01:18:38;+27.8;	+29.8;	+65.0;	+65.0;	+61.0
1554129502;2019-04-01:18:38;+27.8;	+29.8;	+63.0;	+63.0;	+60.0
1554129505;2019-04-01:18:38;+27.8;	+29.8;	+63.0;	+63.0;	+60.0
1554129508;2019-04-01:18:38;+27.8;	+29.8;	+65.0;	+65.0;	+61.0
1554129511;2019-04-01:18:38;+27.8;	+29.8;	+64.0;	+64.0;	+61.0
1554129514;2019-04-01:18:38;+27.8;	+29.8;	+65.0;	+65.0;	+61.0
1554129517;2019-04-01:18:38;+27.8;	+29.8;	+65.0;	+65.0;	+61.0
1554129520;2019-04-01:18:38;+27.8;	+29.8;	+64.0;	+64.0;	+61.0
1554129523;2019-04-01:18:38;+27.8;	+29.8;	+64.0;	+64.0;	+62.0
1554129526;2019-04-01:18:38;+27.8;	+29.8;	+64.0;	+64.0;	+62.0
1554129529;2019-04-01:18:38;+27.8;	+29.8;	+65.0;	+65.0;	+61.0
1554129532;2019-04-01:18:38;+27.8;	+29.8;	+64.0;	+64.0;	+61.0
1554129535;2019-04-01:18:38;+27.8;	+29.8;	+65.0;	+65.0;	+60.0
1554129538;2019-04-01:18:38;+27.8;	+29.8;	+65.0;	+65.0;	+61.0
1554129541;2019-04-01:18:39;+27.8;	+29.8;	+63.0;	+63.0;	+61.0
1554129544;2019-04-01:18:39;+27.8;	+29.8;	+64.0;	+64.0;	+60.0
1554129547;2019-04-01:18:39;+27.8;	+29.8;	+65.0;	+65.0;	+62.0
1554129550;2019-04-01:18:39;+27.8;	+29.8;	+65.0;	+65.0;	+61.0
1554129553;2019-04-01:18:39;+27.8;	+29.8;	+65.0;	+65.0;	+61.0
1554129556;2019-04-01:18:39;+27.8;	+29.8;	+65.0;	+65.0;	+61.0
1554129559;2019-04-01:18:39;+27.8;	+29.8;	+64.0;	+64.0;	+62.0
1554129562;2019-04-01:18:39;+27.8;	+29.8;	+65.0;	+65.0;	+60.0
1554129565;2019-04-01:18:39;+27.8;	+29.8;	+63.0;	+63.0;	+61.0
1554129568;2019-04-01:18:39;+27.8;	+29.8;	+65.0;	+65.0;	+61.0
1554129571;2019-04-01:18:39;+27.8;	+29.8;	+64.0;	+64.0;	+61.0
1554129575;2019-04-01:18:39;+27.8;	+29.8;	+65.0;	+65.0;	+62.0
1554129578;2019-04-01:18:39;+27.8;	+29.8;	+64.0;	+64.0;	+61.0
1554129581;2019-04-01:18:39;+27.8;	+29.8;	+65.0;	+65.0;	+62.0
1554129584;2019-04-01:18:39;+27.8;	+29.8;	+65.0;	+65.0;	+62.0
1554129587;2019-04-01:18:39;+27.8;	+29.8;	+65.0;	+65.0;	+61.0
1554129590;2019-04-01:18:39;+27.8;	+29.8;	+65.0;	+65.0;	+61.0
1554129593;2019-04-01:18:39;+27.8;	+29.8;	+66.0;	+66.0;	+62.0
1554129596;2019-04-01:18:39;+27.8;	+29.8;	+64.0;	+64.0;	+60.0
1554129599;2019-04-01:18:39;+27.8;	+29.8;	+66.0;	+66.0;	+61.0
1554129602;2019-04-01:18:40;+27.8;	+29.8;	+65.0;	+65.0;	+62.0
1554129605;2019-04-01:18:40;+27.8;	+29.8;	+65.0;	+65.0;	+62.0
1554129608;2019-04-01:18:40;+27.8;	+29.8;	+65.0;	+65.0;	+61.0
1554129611;2019-04-01:18:40;+27.8;	+29.8;	+64.0;	+64.0;	+61.0
1554129614;2019-04-01:18:40;+27.8;	+29.8;	+65.0;	+65.0;	+63.0
1554129617;2019-04-01:18:40;+27.8;	+29.8;	+65.0;	+65.0;	+62.0
1554129620;2019-04-01:18:40;+27.8;	+29.8;	+65.0;	+65.0;	+61.0
1554129623;2019-04-01:18:40;+27.8;	+29.8;	+66.0;	+66.0;	+62.0
1554129626;2019-04-01:18:40;+27.8;	+29.8;	+65.0;	+65.0;	+62.0
1554129629;2019-04-01:18:40;+27.8;	+29.8;	+64.0;	+64.0;	+61.0
1554129632;2019-04-01:18:40;+27.8;	+29.8;	+65.0;	+65.0;	+61.0
1554129635;2019-04-01:18:40;+27.8;	+29.8;	+66.0;	+66.0;	+63.0
1554129638;2019-04-01:18:40;+27.8;	+29.8;	+64.0;	+64.0;	+62.0
1554129641;2019-04-01:18:40;+27.8;	+29.8;	+65.0;	+65.0;	+63.0
1554129644;2019-04-01:18:40;+27.8;	+29.8;	+65.0;	+65.0;	+61.0
1554129647;2019-04-01:18:40;+27.8;	+29.8;	+65.0;	+65.0;	+61.0
1554129650;2019-04-01:18:40;+27.8;	+29.8;	+65.0;	+65.0;	+62.0
1554129653;2019-04-01:18:40;+27.8;	+29.8;	+65.0;	+65.0;	+62.0
1554129656;2019-04-01:18:40;+27.8;	+29.8;	+66.0;	+66.0;	+62.0
1554129659;2019-04-01:18:40;+27.8;	+29.8;	+65.0;	+65.0;	+61.0
1554129662;2019-04-01:18:41;+27.8;	+29.8;	+65.0;	+65.0;	+62.0
1554129666;2019-04-01:18:41;+27.8;	+29.8;	+64.0;	+64.0;	+62.0
1554129669;2019-04-01:18:41;+27.8;	+29.8;	+65.0;	+65.0;	+62.0
1554129672;2019-04-01:18:41;+27.8;	+29.8;	+65.0;	+65.0;	+61.0
1554129675;2019-04-01:18:41;+27.8;	+29.8;	+65.0;	+65.0;	+63.0
1554129678;2019-04-01:18:41;+27.8;	+29.8;	+66.0;	+66.0;	+62.0
1554129681;2019-04-01:18:41;+27.8;	+29.8;	+65.0;	+65.0;	+62.0
1554129684;2019-04-01:18:41;+27.8;	+29.8;	+65.0;	+65.0;	+62.0
1554129687;2019-04-01:18:41;+27.8;	+29.8;	+66.0;	+66.0;	+62.0
1554129690;2019-04-01:18:41;+27.8;	+29.8;	+64.0;	+64.0;	+62.0
1554129693;2019-04-01:18:41;+27.8;	+29.8;	+64.0;	+64.0;	+62.0
1554129696;2019-04-01:18:41;+27.8;	+29.8;	+65.0;	+65.0;	+62.0
1554129699;2019-04-01:18:41;+27.8;	+29.8;	+65.0;	+65.0;	+63.0
1554129703;2019-04-01:18:41;+27.8;	+29.8;	+66.0;	+66.0;	+61.0
1554129706;2019-04-01:18:41;+27.8;	+29.8;	+66.0;	+66.0;	+62.0
1554129709;2019-04-01:18:41;+27.8;	+29.8;	+66.0;	+66.0;	+62.0
1554129712;2019-04-01:18:41;+27.8;	+29.8;	+66.0;	+66.0;	+62.0
1554129715;2019-04-01:18:41;+27.8;	+29.8;	+65.0;	+65.0;	+62.0
1554129718;2019-04-01:18:41;+27.8;	+29.8;	+65.0;	+65.0;	+62.0
1554129721;2019-04-01:18:42;+27.8;	+29.8;	+65.0;	+65.0;	+62.0
1554129724;2019-04-01:18:42;+27.8;	+29.8;	+66.0;	+66.0;	+59.0
1554129727;2019-04-01:18:42;+27.8;	+29.8;	+65.0;	+65.0;	+63.0
1554129730;2019-04-01:18:42;+27.8;	+29.8;	+66.0;	+66.0;	+62.0
1554129733;2019-04-01:18:42;+27.8;	+29.8;	+65.0;	+65.0;	+62.0
1554129736;2019-04-01:18:42;+27.8;	+29.8;	+66.0;	+66.0;	+62.0
1554129739;2019-04-01:18:42;+27.8;	+29.8;	+66.0;	+66.0;	+63.0
1554129743;2019-04-01:18:42;+27.8;	+29.8;	+66.0;	+66.0;	+62.0
1554129746;2019-04-01:18:42;+27.8;	+29.8;	+66.0;	+66.0;	+62.0
1554129749;2019-04-01:18:42;+27.8;	+29.8;	+66.0;	+66.0;	+63.0
1554129752;2019-04-01:18:42;+27.8;	+29.8;	+64.0;	+64.0;	+61.0
1554129755;2019-04-01:18:42;+27.8;	+29.8;	+66.0;	+66.0;	+62.0
1554129758;2019-04-01:18:42;+27.8;	+29.8;	+66.0;	+66.0;	+62.0
1554129761;2019-04-01:18:42;+27.8;	+29.8;	+65.0;	+65.0;	+62.0
1554129764;2019-04-01:18:42;+27.8;	+29.8;	+65.0;	+65.0;	+63.0
1554129767;2019-04-01:18:42;+27.8;	+29.8;	+65.0;	+65.0;	+62.0
1554129770;2019-04-01:18:42;+27.8;	+29.8;	+66.0;	+66.0;	+62.0
1554129773;2019-04-01:18:42;+27.8;	+29.8;	+67.0;	+67.0;	+62.0
1554129776;2019-04-01:18:42;+27.8;	+29.8;	+65.0;	+65.0;	+63.0
1554129779;2019-04-01:18:42;+27.8;	+29.8;	+66.0;	+66.0;	+62.0
1554129782;2019-04-01:18:43;+27.8;	+29.8;	+64.0;	+64.0;	+62.0
1554129786;2019-04-01:18:43;+27.8;	+29.8;	+65.0;	+65.0;	+63.0
1554129789;2019-04-01:18:43;+27.8;	+29.8;	+66.0;	+66.0;	+61.0
1554129792;2019-04-01:18:43;+27.8;	+29.8;	+66.0;	+66.0;	+62.0
1554129795;2019-04-01:18:43;+27.8;	+29.8;	+67.0;	+67.0;	+63.0
1554129798;2019-04-01:18:43;+27.8;	+29.8;	+66.0;	+66.0;	+63.0
1554129801;2019-04-01:18:43;+27.8;	+29.8;	+66.0;	+66.0;	+63.0
1554129804;2019-04-01:18:43;+27.8;	+29.8;	+65.0;	+65.0;	+62.0
1554129808;2019-04-01:18:43;+27.8;	+29.8;	+66.0;	+66.0;	+63.0
1554129811;2019-04-01:18:43;+27.8;	+29.8;	+65.0;	+65.0;	+63.0
1554129814;2019-04-01:18:43;+27.8;	+29.8;	+66.0;	+66.0;	+62.0
1554129817;2019-04-01:18:43;+27.8;	+29.8;	+66.0;	+66.0;	+62.0
1554129820;2019-04-01:18:43;+27.8;	+29.8;	+66.0;	+66.0;	+62.0
1554129823;2019-04-01:18:43;+27.8;	+29.8;	+65.0;	+65.0;	+63.0
1554129827;2019-04-01:18:43;+27.8;	+29.8;	+63.0;	+63.0;	+62.0
1554129830;2019-04-01:18:43;+27.8;	+29.8;	+67.0;	+67.0;	+63.0
1554129833;2019-04-01:18:43;+27.8;	+29.8;	+66.0;	+66.0;	+63.0
1554129836;2019-04-01:18:43;+27.8;	+29.8;	+67.0;	+67.0;	+62.0
1554129839;2019-04-01:18:43;+27.8;	+29.8;	+67.0;	+67.0;	+63.0
1554129842;2019-04-01:18:44;+27.8;	+29.8;	+66.0;	+66.0;	+62.0
1554129845;2019-04-01:18:44;+27.8;	+29.8;	+65.0;	+65.0;	+63.0
1554129848;2019-04-01:18:44;+27.8;	+29.8;	+67.0;	+67.0;	+63.0
1554129851;2019-04-01:18:44;+27.8;	+29.8;	+66.0;	+66.0;	+63.0
1554129854;2019-04-01:18:44;+27.8;	+29.8;	+66.0;	+66.0;	+63.0
1554129857;2019-04-01:18:44;+27.8;	+29.8;	+65.0;	+65.0;	+62.0
1554129860;2019-04-01:18:44;+27.8;	+29.8;	+66.0;	+66.0;	+64.0
1554129863;2019-04-01:18:44;+27.8;	+29.8;	+65.0;	+65.0;	+64.0
1554129866;2019-04-01:18:44;+27.8;	+29.8;	+67.0;	+67.0;	+62.0
1554129869;2019-04-01:18:44;+27.8;	+29.8;	+65.0;	+65.0;	+64.0
1554129872;2019-04-01:18:44;+27.8;	+29.8;	+66.0;	+66.0;	+63.0
1554129875;2019-04-01:18:44;+27.8;	+29.8;	+66.0;	+66.0;	+62.0
1554129878;2019-04-01:18:44;+27.8;	+29.8;	+66.0;	+66.0;	+63.0
1554129881;2019-04-01:18:44;+27.8;	+29.8;	+66.0;	+66.0;	+62.0
1554129885;2019-04-01:18:44;+27.8;	+29.8;	+66.0;	+66.0;	+63.0
1554129888;2019-04-01:18:44;+27.8;	+29.8;	+66.0;	+65.0;	+62.0
1554129891;2019-04-01:18:44;+27.8;	+29.8;	+68.0;	+68.0;	+63.0
1554129894;2019-04-01:18:44;+27.8;	+29.8;	+67.0;	+66.0;	+62.0
1554129897;2019-04-01:18:44;+27.8;	+29.8;	+66.0;	+66.0;	+63.0
1554129900;2019-04-01:18:45;+27.8;	+29.8;	+65.0;	+65.0;	+62.0
1554129903;2019-04-01:18:45;+27.8;	+29.8;	+65.0;	+65.0;	+63.0
1554129908;2019-04-01:18:45;+27.8;	+29.8;	+65.0;	+65.0;	+63.0
1554129912;2019-04-01:18:45;+27.8;	+29.8;	+66.0;	+66.0;	+62.0
1554129915;2019-04-01:18:45;+27.8;	+29.8;	+66.0;	+66.0;	+64.0
1554129918;2019-04-01:18:45;+27.8;	+29.8;	+66.0;	+66.0;	+63.0
1554129921;2019-04-01:18:45;+27.8;	+29.8;	+66.0;	+66.0;	+64.0
1554129924;2019-04-01:18:45;+27.8;	+29.8;	+66.0;	+66.0;	+63.0
1554129927;2019-04-01:18:45;+27.8;	+29.8;	+66.0;	+66.0;	+63.0
1554129930;2019-04-01:18:45;+27.8;	+29.8;	+66.0;	+66.0;	+61.0
1554129933;2019-04-01:18:45;+27.8;	+29.8;	+67.0;	+67.0;	+63.0
1554129936;2019-04-01:18:45;+27.8;	+29.8;	+67.0;	+67.0;	+63.0
1554129939;2019-04-01:18:45;+27.8;	+29.8;	+66.0;	+66.0;	+64.0
1554129942;2019-04-01:18:45;+27.8;	+29.8;	+65.0;	+65.0;	+63.0
1554129945;2019-04-01:18:45;+27.8;	+29.8;	+67.0;	+66.0;	+64.0
1554129948;2019-04-01:18:45;+27.8;	+29.8;	+66.0;	+66.0;	+63.0
1554129951;2019-04-01:18:45;+27.8;	+29.8;	+67.0;	+67.0;	+64.0
1554129954;2019-04-01:18:45;+27.8;	+29.8;	+66.0;	+66.0;	+64.0
1554129957;2019-04-01:18:45;+27.8;	+29.8;	+65.0;	+65.0;	+63.0
1554129960;2019-04-01:18:46;+27.8;	+29.8;	+67.0;	+67.0;	+63.0
1554129963;2019-04-01:18:46;+27.8;	+29.8;	+66.0;	+66.0;	+64.0
1554129966;2019-04-01:18:46;+27.8;	+29.8;	+66.0;	+66.0;	+62.0
1554129969;2019-04-01:18:46;+27.8;	+29.8;	+67.0;	+67.0;	+64.0
1554129972;2019-04-01:18:46;+27.8;	+29.8;	+67.0;	+67.0;	+64.0
1554129975;2019-04-01:18:46;+27.8;	+29.8;	+66.0;	+66.0;	+63.0
1554129979;2019-04-01:18:46;+27.8;	+29.8;	+66.0;	+66.0;	+64.0
1554129982;2019-04-01:18:46;+27.8;	+29.8;	+65.0;	+66.0;	+63.0
1554129985;2019-04-01:18:46;+27.8;	+29.8;	+66.0;	+66.0;	+63.0
1554129988;2019-04-01:18:46;+27.8;	+29.8;	+67.0;	+67.0;	+64.0
1554129991;2019-04-01:18:46;+27.8;	+29.8;	+66.0;	+66.0;	+65.0
1554129994;2019-04-01:18:46;+27.8;	+29.8;	+67.0;	+67.0;	+64.0
1554129997;2019-04-01:18:46;+27.8;	+29.8;	+66.0;	+66.0;	+64.0
1554130000;2019-04-01:18:46;+27.8;	+29.8;	+66.0;	+66.0;	+63.0
1554130003;2019-04-01:18:46;+27.8;	+29.8;	+67.0;	+67.0;	+63.0
1554130006;2019-04-01:18:46;+27.8;	+29.8;	+67.0;	+67.0;	+64.0
1554130009;2019-04-01:18:46;+27.8;	+29.8;	+66.0;	+66.0;	+64.0
1554130012;2019-04-01:18:46;+27.8;	+29.8;	+67.0;	+67.0;	+64.0
1554130015;2019-04-01:18:46;+27.8;	+29.8;	+66.0;	+66.0;	+62.0
1554130018;2019-04-01:18:46;+27.8;	+29.8;	+66.0;	+66.0;	+64.0
1554130021;2019-04-01:18:47;+27.8;	+29.8;	+67.0;	+67.0;	+63.0
1554130024;2019-04-01:18:47;+27.8;	+29.8;	+66.0;	+66.0;	+63.0
1554130027;2019-04-01:18:47;+27.8;	+29.8;	+67.0;	+66.0;	+64.0
1554130030;2019-04-01:18:47;+27.8;	+29.8;	+66.0;	+66.0;	+63.0
1554130033;2019-04-01:18:47;+27.8;	+29.8;	+67.0;	+67.0;	+63.0
1554130036;2019-04-01:18:47;+27.8;	+29.8;	+66.0;	+66.0;	+64.0
1554130039;2019-04-01:18:47;+27.8;	+29.8;	+67.0;	+67.0;	+64.0
1554130042;2019-04-01:18:47;+27.8;	+29.8;	+66.0;	+66.0;	+63.0
1554130045;2019-04-01:18:47;+27.8;	+29.8;	+66.0;	+66.0;	+63.0
1554130048;2019-04-01:18:47;+27.8;	+29.8;	+65.0;	+65.0;	+63.0
1554130051;2019-04-01:18:47;+27.8;	+29.8;	+67.0;	+67.0;	+63.0
1554130055;2019-04-01:18:47;+27.8;	+29.8;	+66.0;	+66.0;	+65.0
1554130058;2019-04-01:18:47;+27.8;	+29.8;	+67.0;	+67.0;	+63.0
1554130061;2019-04-01:18:47;+27.8;	+29.8;	+66.0;	+66.0;	+64.0
1554130064;2019-04-01:18:47;+27.8;	+29.8;	+68.0;	+68.0;	+64.0
1554130067;2019-04-01:18:47;+27.8;	+29.8;	+66.0;	+66.0;	+64.0
1554130070;2019-04-01:18:47;+27.8;	+29.8;	+66.0;	+66.0;	+64.0
1554130073;2019-04-01:18:47;+27.8;	+29.8;	+68.0;	+68.0;	+64.0
1554130076;2019-04-01:18:47;+27.8;	+29.8;	+66.0;	+66.0;	+64.0
1554130079;2019-04-01:18:47;+27.8;	+29.8;	+66.0;	+66.0;	+64.0
1554130082;2019-04-01:18:48;+27.8;	+29.8;	+66.0;	+66.0;	+64.0
1554130085;2019-04-01:18:48;+27.8;	+29.8;	+66.0;	+66.0;	+63.0
1554130088;2019-04-01:18:48;+27.8;	+29.8;	+67.0;	+67.0;	+63.0
1554130091;2019-04-01:18:48;+27.8;	+29.8;	+66.0;	+66.0;	+65.0
1554130094;2019-04-01:18:48;+27.8;	+29.8;	+66.0;	+66.0;	+65.0
1554130097;2019-04-01:18:48;+27.8;	+29.8;	+66.0;	+66.0;	+64.0
1554130100;2019-04-01:18:48;+27.8;	+29.8;	+66.0;	+66.0;	+64.0
1554130103;2019-04-01:18:48;+27.8;	+29.8;	+67.0;	+67.0;	+64.0
1554130106;2019-04-01:18:48;+27.8;	+29.8;	+67.0;	+67.0;	+63.0
1554130109;2019-04-01:18:48;+27.8;	+29.8;	+67.0;	+67.0;	+63.0
1554130112;2019-04-01:18:48;+27.8;	+29.8;	+67.0;	+67.0;	+65.0
1554130115;2019-04-01:18:48;+27.8;	+29.8;	+66.0;	+66.0;	+64.0
1554130118;2019-04-01:18:48;+27.8;	+29.8;	+67.0;	+67.0;	+64.0
1554130121;2019-04-01:18:48;+27.8;	+29.8;	+66.0;	+66.0;	+63.0
1554130124;2019-04-01:18:48;+27.8;	+29.8;	+66.0;	+66.0;	+64.0
1554130127;2019-04-01:18:48;+27.8;	+29.8;	+66.0;	+66.0;	+64.0
1554130130;2019-04-01:18:48;+27.8;	+29.8;	+66.0;	+66.0;	+64.0
1554130133;2019-04-01:18:48;+27.8;	+29.8;	+66.0;	+66.0;	+64.0
1554130136;2019-04-01:18:48;+27.8;	+29.8;	+66.0;	+66.0;	+64.0
1554130139;2019-04-01:18:48;+27.8;	+29.8;	+66.0;	+66.0;	+64.0
1554130142;2019-04-01:18:49;+27.8;	+29.8;	+66.0;	+66.0;	+64.0
1554130145;2019-04-01:18:49;+27.8;	+29.8;	+67.0;	+67.0;	+64.0
1554130148;2019-04-01:18:49;+27.8;	+29.8;	+66.0;	+66.0;	+65.0
1554130151;2019-04-01:18:49;+27.8;	+29.8;	+68.0;	+68.0;	+63.0
1554130154;2019-04-01:18:49;+27.8;	+29.8;	+66.0;	+66.0;	+63.0
1554130157;2019-04-01:18:49;+27.8;	+29.8;	+67.0;	+67.0;	+63.0
1554130160;2019-04-01:18:49;+27.8;	+29.8;	+65.0;	+65.0;	+64.0
1554130163;2019-04-01:18:49;+27.8;	+29.8;	+67.0;	+67.0;	+65.0
1554130166;2019-04-01:18:49;+27.8;	+29.8;	+67.0;	+67.0;	+64.0
1554130169;2019-04-01:18:49;+27.8;	+29.8;	+67.0;	+67.0;	+64.0
1554130173;2019-04-01:18:49;+27.8;	+29.8;	+67.0;	+67.0;	+64.0
1554130176;2019-04-01:18:49;+27.8;	+29.8;	+67.0;	+67.0;	+64.0
1554130179;2019-04-01:18:49;+27.8;	+29.8;	+68.0;	+68.0;	+64.0
1554130182;2019-04-01:18:49;+27.8;	+29.8;	+67.0;	+66.0;	+64.0
1554130185;2019-04-01:18:49;+27.8;	+29.8;	+66.0;	+66.0;	+65.0
1554130188;2019-04-01:18:49;+27.8;	+29.8;	+67.0;	+67.0;	+63.0
1554130191;2019-04-01:18:49;+27.8;	+29.8;	+67.0;	+67.0;	+64.0
1554130194;2019-04-01:18:49;+27.8;	+29.8;	+67.0;	+67.0;	+64.0
1554130197;2019-04-01:18:49;+27.8;	+29.8;	+67.0;	+67.0;	+63.0
1554130200;2019-04-01:18:50;+27.8;	+29.8;	+66.0;	+66.0;	+63.0
1554130203;2019-04-01:18:50;+27.8;	+29.8;	+68.0;	+68.0;	+64.0
1554130206;2019-04-01:18:50;+27.8;	+29.8;	+67.0;	+67.0;	+64.0
1554130209;2019-04-01:18:50;+27.8;	+29.8;	+67.0;	+67.0;	+64.0
1554130212;2019-04-01:18:50;+27.8;	+29.8;	+67.0;	+67.0;	+65.0
1554130215;2019-04-01:18:50;+27.8;	+29.8;	+66.0;	+66.0;	+65.0
1554130218;2019-04-01:18:50;+27.8;	+29.8;	+67.0;	+67.0;	+64.0
1554130221;2019-04-01:18:50;+27.8;	+29.8;	+66.0;	+66.0;	+63.0
1554130224;2019-04-01:18:50;+27.8;	+29.8;	+67.0;	+67.0;	+64.0
1554130227;2019-04-01:18:50;+27.8;	+29.8;	+66.0;	+66.0;	+64.0
1554130230;2019-04-01:18:50;+27.8;	+29.8;	+66.0;	+66.0;	+64.0
1554130233;2019-04-01:18:50;+27.8;	+29.8;	+66.0;	+66.0;	+64.0
1554130236;2019-04-01:18:50;+27.8;	+29.8;	+66.0;	+66.0;	+64.0
1554130239;2019-04-01:18:50;+27.8;	+29.8;	+67.0;	+67.0;	+64.0
1554130242;2019-04-01:18:50;+27.8;	+29.8;	+67.0;	+67.0;	+65.0
1554130245;2019-04-01:18:50;+27.8;	+29.8;	+68.0;	+68.0;	+64.0
1554130248;2019-04-01:18:50;+27.8;	+29.8;	+67.0;	+67.0;	+64.0
1554130251;2019-04-01:18:50;+27.8;	+29.8;	+66.0;	+66.0;	+63.0
1554130254;2019-04-01:18:50;+27.8;	+29.8;	+67.0;	+67.0;	+64.0
1554130257;2019-04-01:18:50;+27.8;	+29.8;	+68.0;	+68.0;	+65.0
1554130260;2019-04-01:18:51;+27.8;	+29.8;	+67.0;	+67.0;	+65.0
1554130263;2019-04-01:18:51;+27.8;	+29.8;	+67.0;	+67.0;	+63.0
1554130266;2019-04-01:18:51;+27.8;	+29.8;	+67.0;	+67.0;	+64.0
1554130269;2019-04-01:18:51;+27.8;	+29.8;	+67.0;	+67.0;	+64.0
1554130272;2019-04-01:18:51;+27.8;	+29.8;	+67.0;	+67.0;	+64.0
1554130275;2019-04-01:18:51;+27.8;	+29.8;	+66.0;	+66.0;	+64.0
1554130278;2019-04-01:18:51;+27.8;	+29.8;	+66.0;	+66.0;	+64.0
1554130281;2019-04-01:18:51;+27.8;	+29.8;	+68.0;	+68.0;	+65.0
1554130285;2019-04-01:18:51;+27.8;	+29.8;	+66.0;	+66.0;	+63.0
1554130288;2019-04-01:18:51;+27.8;	+29.8;	+66.0;	+66.0;	+64.0
1554130291;2019-04-01:18:51;+27.8;	+29.8;	+66.0;	+66.0;	+64.0
1554130294;2019-04-01:18:51;+27.8;	+29.8;	+67.0;	+67.0;	+64.0
1554130297;2019-04-01:18:51;+27.8;	+29.8;	+67.0;	+67.0;	+64.0
1554130300;2019-04-01:18:51;+27.8;	+29.8;	+68.0;	+68.0;	+64.0
1554130303;2019-04-01:18:51;+27.8;	+29.8;	+67.0;	+67.0;	+65.0
1554130306;2019-04-01:18:51;+27.8;	+29.8;	+67.0;	+67.0;	+64.0
1554130309;2019-04-01:18:51;+27.8;	+29.8;	+67.0;	+67.0;	+64.0
1554130312;2019-04-01:18:51;+27.8;	+29.8;	+66.0;	+67.0;	+64.0
1554130315;2019-04-01:18:51;+27.8;	+29.8;	+67.0;	+67.0;	+65.0
1554130318;2019-04-01:18:51;+27.8;	+29.8;	+68.0;	+68.0;	+65.0
1554130321;2019-04-01:18:52;+27.8;	+29.8;	+67.0;	+67.0;	+65.0
1554130324;2019-04-01:18:52;+27.8;	+29.8;	+67.0;	+67.0;	+64.0
1554130327;2019-04-01:18:52;+27.8;	+29.8;	+68.0;	+68.0;	+65.0
1554130330;2019-04-01:18:52;+27.8;	+29.8;	+64.0;	+64.0;	+64.0
1554130333;2019-04-01:18:52;+27.8;	+29.8;	+67.0;	+67.0;	+65.0
1554130336;2019-04-01:18:52;+27.8;	+29.8;	+67.0;	+67.0;	+64.0
1554130339;2019-04-01:18:52;+27.8;	+29.8;	+68.0;	+68.0;	+65.0
1554130342;2019-04-01:18:52;+27.8;	+29.8;	+67.0;	+67.0;	+64.0
1554130346;2019-04-01:18:52;+27.8;	+29.8;	+64.0;	+64.0;	+64.0
1554130349;2019-04-01:18:52;+27.8;	+29.8;	+67.0;	+67.0;	+64.0
1554130352;2019-04-01:18:52;+27.8;	+29.8;	+67.0;	+67.0;	+64.0
1554130355;2019-04-01:18:52;+27.8;	+29.8;	+68.0;	+68.0;	+65.0
1554130358;2019-04-01:18:52;+27.8;	+29.8;	+68.0;	+68.0;	+64.0
1554130361;2019-04-01:18:52;+27.8;	+29.8;	+68.0;	+68.0;	+64.0
1554130364;2019-04-01:18:52;+27.8;	+29.8;	+67.0;	+67.0;	+64.0
1554130367;2019-04-01:18:52;+27.8;	+29.8;	+66.0;	+66.0;	+64.0
1554130370;2019-04-01:18:52;+27.8;	+29.8;	+67.0;	+67.0;	+64.0
1554130373;2019-04-01:18:52;+27.8;	+29.8;	+67.0;	+67.0;	+62.0
1554130376;2019-04-01:18:52;+27.8;	+29.8;	+67.0;	+67.0;	+64.0
1554130379;2019-04-01:18:52;+27.8;	+29.8;	+67.0;	+67.0;	+63.0
1554130382;2019-04-01:18:53;+27.8;	+29.8;	+68.0;	+68.0;	+65.0
1554130385;2019-04-01:18:53;+27.8;	+29.8;	+67.0;	+67.0;	+65.0
1554130388;2019-04-01:18:53;+27.8;	+29.8;	+67.0;	+67.0;	+64.0
1554130391;2019-04-01:18:53;+27.8;	+29.8;	+67.0;	+67.0;	+64.0
1554130394;2019-04-01:18:53;+27.8;	+29.8;	+67.0;	+67.0;	+65.0
1554130397;2019-04-01:18:53;+27.8;	+29.8;	+67.0;	+67.0;	+65.0
1554130400;2019-04-01:18:53;+27.8;	+29.8;	+68.0;	+68.0;	+65.0
1554130403;2019-04-01:18:53;+27.8;	+29.8;	+68.0;	+68.0;	+65.0
1554130406;2019-04-01:18:53;+27.8;	+29.8;	+66.0;	+66.0;	+65.0
1554130409;2019-04-01:18:53;+27.8;	+29.8;	+67.0;	+67.0;	+66.0
1554130412;2019-04-01:18:53;+27.8;	+29.8;	+69.0;	+69.0;	+64.0
1554130415;2019-04-01:18:53;+27.8;	+29.8;	+67.0;	+67.0;	+65.0
1554130418;2019-04-01:18:53;+27.8;	+29.8;	+69.0;	+69.0;	+65.0
1554130421;2019-04-01:18:53;+27.8;	+29.8;	+67.0;	+68.0;	+65.0
1554130424;2019-04-01:18:53;+27.8;	+29.8;	+49.0;	+49.0;	+47.0
1554130427;2019-04-01:18:53;+27.8;	+29.8;	+49.0;	+48.0;	+47.0
1554130430;2019-04-01:18:53;+27.8;	+29.8;	+66.0;	+66.0;	+64.0
1554130433;2019-04-01:18:53;+27.8;	+29.8;	+65.0;	+65.0;	+64.0
1554130436;2019-04-01:18:53;+27.8;	+29.8;	+67.0;	+67.0;	+65.0
1554130441;2019-04-01:18:54;+27.8;	+29.8;	+66.0;	+66.0;	+65.0
1554130444;2019-04-01:18:54;+27.8;	+29.8;	+67.0;	+67.0;	+64.0
1554130447;2019-04-01:18:54;+27.8;	+29.8;	+68.0;	+67.0;	+64.0
1554130450;2019-04-01:18:54;+27.8;	+29.8;	+67.0;	+67.0;	+65.0
1554130453;2019-04-01:18:54;+27.8;	+29.8;	+67.0;	+67.0;	+65.0
1554130456;2019-04-01:18:54;+27.8;	+29.8;	+67.0;	+67.0;	+64.0
1554130459;2019-04-01:18:54;+27.8;	+29.8;	+66.0;	+66.0;	+65.0
1554130462;2019-04-01:18:54;+27.8;	+29.8;	+67.0;	+67.0;	+65.0
1554130465;2019-04-01:18:54;+27.8;	+29.8;	+67.0;	+67.0;	+65.0
1554130468;2019-04-01:18:54;+27.8;	+29.8;	+67.0;	+67.0;	+64.0
1554130471;2019-04-01:18:54;+27.8;	+29.8;	+67.0;	+67.0;	+64.0
1554130474;2019-04-01:18:54;+27.8;	+29.8;	+66.0;	+66.0;	+64.0
1554130478;2019-04-01:18:54;+27.8;	+29.8;	+68.0;	+68.0;	+64.0
1554130481;2019-04-01:18:54;+27.8;	+29.8;	+65.0;	+65.0;	+63.0
1554130484;2019-04-01:18:54;+27.8;	+29.8;	+67.0;	+66.0;	+65.0
1554130487;2019-04-01:18:54;+27.8;	+29.8;	+67.0;	+67.0;	+64.0
1554130490;2019-04-01:18:54;+27.8;	+29.8;	+66.0;	+66.0;	+65.0
1554130493;2019-04-01:18:54;+27.8;	+29.8;	+67.0;	+67.0;	+64.0
1554130496;2019-04-01:18:54;+27.8;	+29.8;	+66.0;	+66.0;	+65.0
1554130501;2019-04-01:18:55;+27.8;	+29.8;	+68.0;	+68.0;	+65.0
1554130504;2019-04-01:18:55;+27.8;	+29.8;	+67.0;	+67.0;	+64.0
1554130507;2019-04-01:18:55;+27.8;	+29.8;	+67.0;	+67.0;	+64.0
1554130510;2019-04-01:18:55;+27.8;	+29.8;	+67.0;	+67.0;	+63.0
1554130513;2019-04-01:18:55;+27.8;	+29.8;	+68.0;	+68.0;	+64.0
1554130516;2019-04-01:18:55;+27.8;	+29.8;	+67.0;	+67.0;	+64.0
1554130519;2019-04-01:18:55;+27.8;	+29.8;	+66.0;	+66.0;	+65.0
1554130522;2019-04-01:18:55;+27.8;	+29.8;	+66.0;	+66.0;	+64.0
1554130525;2019-04-01:18:55;+27.8;	+29.8;	+67.0;	+67.0;	+64.0
1554130528;2019-04-01:18:55;+27.8;	+29.8;	+67.0;	+67.0;	+64.0
1554130531;2019-04-01:18:55;+27.8;	+29.8;	+67.0;	+67.0;	+64.0
1554130534;2019-04-01:18:55;+27.8;	+29.8;	+67.0;	+67.0;	+65.0
1554130537;2019-04-01:18:55;+27.8;	+29.8;	+67.0;	+67.0;	+64.0
1554130540;2019-04-01:18:55;+27.8;	+29.8;	+67.0;	+67.0;	+64.0
1554130544;2019-04-01:18:55;+27.8;	+29.8;	+66.0;	+66.0;	+64.0
1554130547;2019-04-01:18:55;+27.8;	+29.8;	+67.0;	+68.0;	+64.0
1554130550;2019-04-01:18:55;+27.8;	+29.8;	+67.0;	+67.0;	+65.0
1554130553;2019-04-01:18:55;+27.8;	+29.8;	+68.0;	+68.0;	+65.0
1554130556;2019-04-01:18:55;+27.8;	+29.8;	+67.0;	+68.0;	+64.0
1554130559;2019-04-01:18:55;+27.8;	+29.8;	+67.0;	+67.0;	+64.0
1554130562;2019-04-01:18:56;+27.8;	+29.8;	+67.0;	+67.0;	+65.0
1554130565;2019-04-01:18:56;+27.8;	+29.8;	+67.0;	+67.0;	+65.0
1554130568;2019-04-01:18:56;+27.8;	+29.8;	+52.0;	+51.0;	+51.0
1554130571;2019-04-01:18:56;+27.8;	+29.8;	+49.0;	+48.0;	+48.0
1554130574;2019-04-01:18:56;+27.8;	+29.8;	+49.0;	+48.0;	+47.0
1554130577;2019-04-01:18:56;+27.8;	+29.8;	+66.0;	+66.0;	+63.0
1554130580;2019-04-01:18:56;+27.8;	+29.8;	+66.0;	+66.0;	+64.0
1554130584;2019-04-01:18:56;+27.8;	+29.8;	+67.0;	+67.0;	+64.0
1554130587;2019-04-01:18:56;+27.8;	+29.8;	+68.0;	+68.0;	+63.0
1554130590;2019-04-01:18:56;+27.8;	+29.8;	+68.0;	+68.0;	+64.0
1554130593;2019-04-01:18:56;+27.8;	+29.8;	+68.0;	+68.0;	+64.0
1554130596;2019-04-01:18:56;+27.8;	+29.8;	+67.0;	+67.0;	+65.0
1554130599;2019-04-01:18:56;+27.8;	+29.8;	+67.0;	+67.0;	+64.0
1554130602;2019-04-01:18:56;+27.8;	+29.8;	+68.0;	+68.0;	+64.0
1554130606;2019-04-01:18:56;+27.8;	+29.8;	+68.0;	+68.0;	+64.0
1554130609;2019-04-01:18:56;+27.8;	+29.8;	+68.0;	+68.0;	+65.0
1554130612;2019-04-01:18:56;+27.8;	+29.8;	+67.0;	+68.0;	+65.0
1554130615;2019-04-01:18:56;+27.8;	+29.8;	+68.0;	+68.0;	+65.0
1554130618;2019-04-01:18:56;+27.8;	+29.8;	+68.0;	+68.0;	+65.0
1554130621;2019-04-01:18:57;+27.8;	+29.8;	+68.0;	+68.0;	+65.0
1554130624;2019-04-01:18:57;+27.8;	+29.8;	+67.0;	+67.0;	+64.0
1554130627;2019-04-01:18:57;+27.8;	+29.8;	+67.0;	+67.0;	+64.0
1554130630;2019-04-01:18:57;+27.8;	+29.8;	+67.0;	+67.0;	+65.0
1554130633;2019-04-01:18:57;+27.8;	+29.8;	+68.0;	+67.0;	+64.0
1554130636;2019-04-01:18:57;+27.8;	+29.8;	+67.0;	+67.0;	+64.0
1554130639;2019-04-01:18:57;+27.8;	+29.8;	+67.0;	+67.0;	+65.0
1554130642;2019-04-01:18:57;+27.8;	+29.8;	+67.0;	+67.0;	+65.0
1554130645;2019-04-01:18:57;+27.8;	+29.8;	+67.0;	+67.0;	+67.0
1554130648;2019-04-01:18:57;+27.8;	+29.8;	+68.0;	+68.0;	+65.0
1554130651;2019-04-01:18:57;+27.8;	+29.8;	+68.0;	+68.0;	+65.0
1554130654;2019-04-01:18:57;+27.8;	+29.8;	+67.0;	+67.0;	+64.0
1554130657;2019-04-01:18:57;+27.8;	+29.8;	+67.0;	+67.0;	+65.0
1554130660;2019-04-01:18:57;+27.8;	+29.8;	+67.0;	+67.0;	+65.0
1554130663;2019-04-01:18:57;+27.8;	+29.8;	+67.0;	+67.0;	+66.0
1554130666;2019-04-01:18:57;+27.8;	+29.8;	+67.0;	+67.0;	+64.0
1554130669;2019-04-01:18:57;+27.8;	+29.8;	+67.0;	+67.0;	+65.0
1554130672;2019-04-01:18:57;+27.8;	+29.8;	+67.0;	+67.0;	+65.0
1554130675;2019-04-01:18:57;+27.8;	+29.8;	+67.0;	+67.0;	+65.0
1554130678;2019-04-01:18:57;+27.8;	+29.8;	+66.0;	+66.0;	+64.0
1554130681;2019-04-01:18:58;+27.8;	+29.8;	+67.0;	+67.0;	+64.0
1554130684;2019-04-01:18:58;+27.8;	+29.8;	+67.0;	+67.0;	+65.0
1554130687;2019-04-01:18:58;+27.8;	+29.8;	+68.0;	+68.0;	+65.0
1554130690;2019-04-01:18:58;+27.8;	+29.8;	+68.0;	+68.0;	+65.0
1554130693;2019-04-01:18:58;+27.8;	+29.8;	+66.0;	+66.0;	+65.0
1554130696;2019-04-01:18:58;+27.8;	+29.8;	+68.0;	+68.0;	+64.0
1554130699;2019-04-01:18:58;+27.8;	+29.8;	+68.0;	+68.0;	+65.0
1554130702;2019-04-01:18:58;+27.8;	+29.8;	+67.0;	+67.0;	+66.0
1554130706;2019-04-01:18:58;+27.8;	+29.8;	+67.0;	+67.0;	+66.0
1554130709;2019-04-01:18:58;+27.8;	+29.8;	+67.0;	+67.0;	+65.0
1554130712;2019-04-01:18:58;+27.8;	+29.8;	+67.0;	+67.0;	+66.0
1554130715;2019-04-01:18:58;+27.8;	+29.8;	+67.0;	+67.0;	+64.0
1554130718;2019-04-01:18:58;+27.8;	+29.8;	+67.0;	+67.0;	+66.0
1554130721;2019-04-01:18:58;+27.8;	+29.8;	+68.0;	+68.0;	+66.0
1554130724;2019-04-01:18:58;+27.8;	+29.8;	+67.0;	+67.0;	+64.0
1554130727;2019-04-01:18:58;+27.8;	+29.8;	+67.0;	+67.0;	+64.0
1554130730;2019-04-01:18:58;+27.8;	+29.8;	+68.0;	+68.0;	+65.0
1554130733;2019-04-01:18:58;+27.8;	+29.8;	+67.0;	+67.0;	+65.0
1554130736;2019-04-01:18:58;+27.8;	+29.8;	+68.0;	+68.0;	+66.0
1554130739;2019-04-01:18:58;+27.8;	+29.8;	+69.0;	+69.0;	+65.0
1554130742;2019-04-01:18:59;+27.8;	+29.8;	+68.0;	+68.0;	+64.0
1554130745;2019-04-01:18:59;+27.8;	+29.8;	+67.0;	+67.0;	+66.0
1554130748;2019-04-01:18:59;+27.8;	+29.8;	+68.0;	+68.0;	+66.0
1554130751;2019-04-01:18:59;+27.8;	+29.8;	+68.0;	+68.0;	+65.0
1554130754;2019-04-01:18:59;+27.8;	+29.8;	+68.0;	+68.0;	+65.0
1554130757;2019-04-01:18:59;+27.8;	+29.8;	+69.0;	+69.0;	+66.0
1554130760;2019-04-01:18:59;+27.8;	+29.8;	+54.0;	+54.0;	+53.0
1554130764;2019-04-01:18:59;+27.8;	+29.8;	+50.0;	+49.0;	+48.0
1554130767;2019-04-01:18:59;+27.8;	+29.8;	+48.0;	+48.0;	+47.0
1554130770;2019-04-01:18:59;+27.8;	+29.8;	+67.0;	+67.0;	+64.0
1554130773;2019-04-01:18:59;+27.8;	+29.8;	+66.0;	+66.0;	+64.0
1554130776;2019-04-01:18:59;+27.8;	+29.8;	+68.0;	+68.0;	+65.0
1554130779;2019-04-01:18:59;+27.8;	+29.8;	+67.0;	+67.0;	+65.0
1554130782;2019-04-01:18:59;+27.8;	+29.8;	+67.0;	+67.0;	+65.0
1554130785;2019-04-01:18:59;+27.8;	+29.8;	+67.0;	+67.0;	+64.0
1554130788;2019-04-01:18:59;+27.8;	+29.8;	+68.0;	+68.0;	+65.0
1554130791;2019-04-01:18:59;+27.8;	+29.8;	+67.0;	+67.0;	+65.0
1554130794;2019-04-01:18:59;+27.8;	+29.8;	+68.0;	+68.0;	+65.0
1554130797;2019-04-01:18:59;+27.8;	+29.8;	+67.0;	+67.0;	+64.0
1554130800;2019-04-01:19:00;+27.8;	+29.8;	+68.0;	+68.0;	+66.0
1554130803;2019-04-01:19:00;+27.8;	+29.8;	+67.0;	+67.0;	+65.0
1554130806;2019-04-01:19:00;+27.8;	+29.8;	+68.0;	+68.0;	+65.0
1554130809;2019-04-01:19:00;+27.8;	+29.8;	+68.0;	+68.0;	+65.0
1554130812;2019-04-01:19:00;+27.8;	+29.8;	+67.0;	+67.0;	+65.0
1554130815;2019-04-01:19:00;+27.8;	+29.8;	+68.0;	+68.0;	+64.0
1554130818;2019-04-01:19:00;+27.8;	+29.8;	+67.0;	+67.0;	+65.0
1554130821;2019-04-01:19:00;+27.8;	+29.8;	+67.0;	+67.0;	+65.0
1554130824;2019-04-01:19:00;+27.8;	+29.8;	+67.0;	+67.0;	+65.0
1554130827;2019-04-01:19:00;+27.8;	+29.8;	+68.0;	+68.0;	+64.0
1554130830;2019-04-01:19:00;+27.8;	+29.8;	+67.0;	+67.0;	+65.0
1554130833;2019-04-01:19:00;+27.8;	+29.8;	+67.0;	+67.0;	+65.0
1554130836;2019-04-01:19:00;+27.8;	+29.8;	+67.0;	+67.0;	+65.0
1554130839;2019-04-01:19:00;+27.8;	+29.8;	+68.0;	+68.0;	+65.0
1554130842;2019-04-01:19:00;+27.8;	+29.8;	+68.0;	+68.0;	+65.0
1554130845;2019-04-01:19:00;+27.8;	+29.8;	+69.0;	+69.0;	+66.0
1554130848;2019-04-01:19:00;+27.8;	+29.8;	+68.0;	+68.0;	+65.0
1554130851;2019-04-01:19:00;+27.8;	+29.8;	+68.0;	+68.0;	+65.0
1554130854;2019-04-01:19:00;+27.8;	+29.8;	+67.0;	+67.0;	+65.0
1554130857;2019-04-01:19:00;+27.8;	+29.8;	+67.0;	+67.0;	+65.0
1554130860;2019-04-01:19:01;+27.8;	+29.8;	+68.0;	+68.0;	+66.0
1554130863;2019-04-01:19:01;+27.8;	+29.8;	+67.0;	+67.0;	+64.0
1554130866;2019-04-01:19:01;+27.8;	+29.8;	+69.0;	+69.0;	+66.0
1554130869;2019-04-01:19:01;+27.8;	+29.8;	+68.0;	+68.0;	+65.0
1554130872;2019-04-01:19:01;+27.8;	+29.8;	+67.0;	+67.0;	+66.0
1554130875;2019-04-01:19:01;+27.8;	+29.8;	+68.0;	+68.0;	+65.0
1554130879;2019-04-01:19:01;+27.8;	+29.8;	+50.0;	+49.0;	+49.0
1554130882;2019-04-01:19:01;+27.8;	+29.8;	+50.0;	+49.0;	+48.0
1554130885;2019-04-01:19:01;+27.8;	+29.8;	+67.0;	+67.0;	+63.0
1554130888;2019-04-01:19:01;+27.8;	+29.8;	+67.0;	+67.0;	+65.0
1554130892;2019-04-01:19:01;+27.8;	+29.8;	+68.0;	+68.0;	+67.0
1554130895;2019-04-01:19:01;+27.8;	+29.8;	+68.0;	+68.0;	+64.0
1554130898;2019-04-01:19:01;+27.8;	+29.8;	+69.0;	+69.0;	+65.0
1554130901;2019-04-01:19:01;+27.8;	+29.8;	+68.0;	+68.0;	+65.0
1554130904;2019-04-01:19:01;+27.8;	+29.8;	+68.0;	+68.0;	+65.0
1554130907;2019-04-01:19:01;+27.8;	+29.8;	+67.0;	+67.0;	+67.0
1554130910;2019-04-01:19:01;+27.8;	+29.8;	+67.0;	+67.0;	+65.0
1554130913;2019-04-01:19:01;+27.8;	+29.8;	+68.0;	+68.0;	+65.0
1554130916;2019-04-01:19:01;+27.8;	+29.8;	+67.0;	+67.0;	+65.0
1554130919;2019-04-01:19:01;+27.8;	+29.8;	+67.0;	+67.0;	+65.0
1554130922;2019-04-01:19:02;+27.8;	+29.8;	+66.0;	+66.0;	+64.0
1554130925;2019-04-01:19:02;+27.8;	+29.8;	+68.0;	+68.0;	+67.0
1554130928;2019-04-01:19:02;+27.8;	+29.8;	+68.0;	+68.0;	+65.0
1554130931;2019-04-01:19:02;+27.8;	+29.8;	+69.0;	+69.0;	+65.0
1554130934;2019-04-01:19:02;+27.8;	+29.8;	+67.0;	+67.0;	+66.0
1554130937;2019-04-01:19:02;+27.8;	+29.8;	+67.0;	+67.0;	+66.0
1554130940;2019-04-01:19:02;+27.8;	+29.8;	+67.0;	+67.0;	+65.0
1554130943;2019-04-01:19:02;+27.8;	+29.8;	+67.0;	+67.0;	+65.0
1554130946;2019-04-01:19:02;+27.8;	+29.8;	+68.0;	+68.0;	+65.0
1554130949;2019-04-01:19:02;+27.8;	+29.8;	+67.0;	+67.0;	+66.0
1554130952;2019-04-01:19:02;+27.8;	+29.8;	+68.0;	+68.0;	+65.0
1554130955;2019-04-01:19:02;+27.8;	+29.8;	+68.0;	+68.0;	+64.0
1554130959;2019-04-01:19:02;+27.8;	+29.8;	+69.0;	+69.0;	+66.0
1554130962;2019-04-01:19:02;+27.8;	+29.8;	+69.0;	+69.0;	+65.0
1554130965;2019-04-01:19:02;+27.8;	+29.8;	+68.0;	+68.0;	+66.0
1554130968;2019-04-01:19:02;+27.8;	+29.8;	+69.0;	+69.0;	+66.0
1554130971;2019-04-01:19:02;+27.8;	+29.8;	+67.0;	+67.0;	+65.0
1554130974;2019-04-01:19:02;+27.8;	+29.8;	+67.0;	+67.0;	+65.0
1554130977;2019-04-01:19:02;+27.8;	+29.8;	+67.0;	+67.0;	+65.0
1554130980;2019-04-01:19:03;+27.8;	+29.8;	+68.0;	+68.0;	+64.0
1554130983;2019-04-01:19:03;+27.8;	+29.8;	+67.0;	+67.0;	+66.0
1554130986;2019-04-01:19:03;+27.8;	+29.8;	+68.0;	+68.0;	+66.0
1554130989;2019-04-01:19:03;+27.8;	+29.8;	+68.0;	+68.0;	+65.0
1554130992;2019-04-01:19:03;+27.8;	+29.8;	+69.0;	+69.0;	+66.0
1554130995;2019-04-01:19:03;+27.8;	+29.8;	+68.0;	+68.0;	+66.0
1554130998;2019-04-01:19:03;+27.8;	+29.8;	+68.0;	+68.0;	+65.0
1554131001;2019-04-01:19:03;+27.8;	+29.8;	+68.0;	+68.0;	+65.0
1554131004;2019-04-01:19:03;+27.8;	+29.8;	+68.0;	+68.0;	+66.0
1554131007;2019-04-01:19:03;+27.8;	+29.8;	+68.0;	+68.0;	+66.0
1554131010;2019-04-01:19:03;+27.8;	+29.8;	+67.0;	+67.0;	+66.0
1554131013;2019-04-01:19:03;+27.8;	+29.8;	+67.0;	+67.0;	+66.0
1554131016;2019-04-01:19:03;+27.8;	+29.8;	+68.0;	+68.0;	+65.0
1554131019;2019-04-01:19:03;+27.8;	+29.8;	+67.0;	+67.0;	+66.0
1554131022;2019-04-01:19:03;+27.8;	+29.8;	+67.0;	+67.0;	+65.0
1554131025;2019-04-01:19:03;+27.8;	+29.8;	+69.0;	+69.0;	+66.0
1554131028;2019-04-01:19:03;+27.8;	+29.8;	+68.0;	+68.0;	+66.0
1554131031;2019-04-01:19:03;+27.8;	+29.8;	+68.0;	+68.0;	+65.0
1554131034;2019-04-01:19:03;+27.8;	+29.8;	+68.0;	+68.0;	+65.0
1554131037;2019-04-01:19:03;+27.8;	+29.8;	+68.0;	+68.0;	+65.0
1554131040;2019-04-01:19:04;+27.8;	+29.8;	+69.0;	+69.0;	+65.0
1554131043;2019-04-01:19:04;+27.8;	+29.8;	+68.0;	+68.0;	+66.0
1554131046;2019-04-01:19:04;+27.8;	+29.8;	+67.0;	+67.0;	+65.0
1554131049;2019-04-01:19:04;+27.8;	+29.8;	+68.0;	+68.0;	+65.0
1554131052;2019-04-01:19:04;+27.8;	+29.8;	+68.0;	+68.0;	+65.0
1554131055;2019-04-01:19:04;+27.8;	+29.8;	+68.0;	+68.0;	+65.0
1554131058;2019-04-01:19:04;+27.8;	+29.8;	+68.0;	+68.0;	+66.0
1554131061;2019-04-01:19:04;+27.8;	+29.8;	+68.0;	+68.0;	+67.0
1554131064;2019-04-01:19:04;+27.8;	+29.8;	+68.0;	+68.0;	+65.0
1554131067;2019-04-01:19:04;+27.8;	+29.8;	+68.0;	+68.0;	+66.0
1554131070;2019-04-01:19:04;+27.8;	+29.8;	+68.0;	+68.0;	+65.0
1554131073;2019-04-01:19:04;+27.8;	+29.8;	+68.0;	+68.0;	+66.0
1554131076;2019-04-01:19:04;+27.8;	+29.8;	+68.0;	+68.0;	+66.0
1554131080;2019-04-01:19:04;+27.8;	+29.8;	+53.0;	+53.0;	+53.0
1554131083;2019-04-01:19:04;+27.8;	+29.8;	+50.0;	+49.0;	+49.0
1554131086;2019-04-01:19:04;+27.8;	+29.8;	+49.0;	+49.0;	+48.0
1554131089;2019-04-01:19:04;+27.8;	+29.8;	+67.0;	+67.0;	+64.0
1554131092;2019-04-01:19:04;+27.8;	+29.8;	+68.0;	+68.0;	+65.0
1554131096;2019-04-01:19:04;+27.8;	+29.8;	+68.0;	+68.0;	+65.0
1554131100;2019-04-01:19:05;+27.8;	+29.8;	+69.0;	+68.0;	+65.0
1554131103;2019-04-01:19:05;+27.8;	+29.8;	+68.0;	+68.0;	+64.0
1554131106;2019-04-01:19:05;+27.8;	+29.8;	+68.0;	+68.0;	+64.0
1554131109;2019-04-01:19:05;+27.8;	+29.8;	+68.0;	+68.0;	+65.0
1554131112;2019-04-01:19:05;+27.8;	+29.8;	+67.0;	+67.0;	+66.0
1554131115;2019-04-01:19:05;+27.8;	+29.8;	+69.0;	+69.0;	+66.0
1554131118;2019-04-01:19:05;+27.8;	+29.8;	+68.0;	+68.0;	+66.0
1554131121;2019-04-01:19:05;+27.8;	+29.8;	+68.0;	+68.0;	+65.0
1554131124;2019-04-01:19:05;+27.8;	+29.8;	+67.0;	+67.0;	+65.0
1554131127;2019-04-01:19:05;+27.8;	+29.8;	+68.0;	+68.0;	+66.0
1554131130;2019-04-01:19:05;+27.8;	+29.8;	+67.0;	+67.0;	+65.0
1554131133;2019-04-01:19:05;+27.8;	+29.8;	+68.0;	+68.0;	+66.0
1554131136;2019-04-01:19:05;+27.8;	+29.8;	+68.0;	+68.0;	+65.0
1554131140;2019-04-01:19:05;+27.8;	+29.8;	+68.0;	+68.0;	+65.0
1554131143;2019-04-01:19:05;+27.8;	+29.8;	+68.0;	+68.0;	+65.0
1554131146;2019-04-01:19:05;+27.8;	+29.8;	+68.0;	+68.0;	+65.0
1554131149;2019-04-01:19:05;+27.8;	+29.8;	+67.0;	+67.0;	+65.0
1554131152;2019-04-01:19:05;+27.8;	+29.8;	+68.0;	+68.0;	+66.0
1554131155;2019-04-01:19:05;+27.8;	+29.8;	+67.0;	+67.0;	+66.0
1554131158;2019-04-01:19:05;+27.8;	+29.8;	+69.0;	+69.0;	+66.0
1554131161;2019-04-01:19:06;+27.8;	+29.8;	+69.0;	+69.0;	+65.0
1554131164;2019-04-01:19:06;+27.8;	+29.8;	+50.0;	+50.0;	+49.0
1554131167;2019-04-01:19:06;+27.8;	+29.8;	+50.0;	+49.0;	+48.0
1554131170;2019-04-01:19:06;+27.8;	+29.8;	+66.0;	+66.0;	+63.0
1554131173;2019-04-01:19:06;+27.8;	+29.8;	+67.0;	+67.0;	+65.0
1554131176;2019-04-01:19:06;+27.8;	+29.8;	+68.0;	+68.0;	+65.0
1554131179;2019-04-01:19:06;+27.8;	+29.8;	+68.0;	+68.0;	+66.0
1554131182;2019-04-01:19:06;+27.8;	+29.8;	+67.0;	+67.0;	+65.0
1554131185;2019-04-01:19:06;+27.8;	+29.8;	+67.0;	+67.0;	+66.0
1554131189;2019-04-01:19:06;+27.8;	+29.8;	+68.0;	+68.0;	+65.0
1554131192;2019-04-01:19:06;+27.8;	+29.8;	+69.0;	+69.0;	+66.0
1554131195;2019-04-01:19:06;+27.8;	+29.8;	+68.0;	+68.0;	+65.0
1554131198;2019-04-01:19:06;+27.8;	+29.8;	+68.0;	+68.0;	+64.0
1554131201;2019-04-01:19:06;+27.8;	+29.8;	+68.0;	+68.0;	+66.0
1554131204;2019-04-01:19:06;+27.8;	+29.8;	+67.0;	+67.0;	+66.0
1554131207;2019-04-01:19:06;+27.8;	+29.8;	+69.0;	+69.0;	+66.0
1554131210;2019-04-01:19:06;+27.8;	+29.8;	+69.0;	+69.0;	+67.0
1554131213;2019-04-01:19:06;+27.8;	+29.8;	+69.0;	+69.0;	+66.0
1554131216;2019-04-01:19:06;+27.8;	+29.8;	+67.0;	+68.0;	+66.0
1554131219;2019-04-01:19:06;+27.8;	+29.8;	+66.0;	+66.0;	+65.0
1554131222;2019-04-01:19:07;+27.8;	+29.8;	+67.0;	+67.0;	+66.0
1554131225;2019-04-01:19:07;+27.8;	+29.8;	+69.0;	+69.0;	+66.0
1554131228;2019-04-01:19:07;+27.8;	+29.8;	+68.0;	+68.0;	+66.0
1554131231;2019-04-01:19:07;+27.8;	+29.8;	+67.0;	+67.0;	+66.0
1554131234;2019-04-01:19:07;+27.8;	+29.8;	+67.0;	+67.0;	+66.0
1554131237;2019-04-01:19:07;+27.8;	+29.8;	+68.0;	+68.0;	+66.0
1554131240;2019-04-01:19:07;+27.8;	+29.8;	+68.0;	+68.0;	+63.0
1554131243;2019-04-01:19:07;+27.8;	+29.8;	+51.0;	+51.0;	+50.0
1554131246;2019-04-01:19:07;+27.8;	+29.8;	+50.0;	+49.0;	+48.0
1554131249;2019-04-01:19:07;+27.8;	+29.8;	+50.0;	+48.0;	+48.0
1554131252;2019-04-01:19:07;+27.8;	+29.8;	+67.0;	+67.0;	+65.0
1554131255;2019-04-01:19:07;+27.8;	+29.8;	+67.0;	+67.0;	+65.0
1554131258;2019-04-01:19:07;+27.8;	+29.8;	+67.0;	+67.0;	+65.0
1554131261;2019-04-01:19:07;+27.8;	+29.8;	+67.0;	+67.0;	+65.0
1554131264;2019-04-01:19:07;+27.8;	+29.8;	+68.0;	+68.0;	+65.0
1554131267;2019-04-01:19:07;+27.8;	+29.8;	+68.0;	+68.0;	+66.0
1554131272;2019-04-01:19:07;+27.8;	+29.8;	+68.0;	+68.0;	+66.0
1554131275;2019-04-01:19:07;+27.8;	+29.8;	+68.0;	+68.0;	+65.0
1554131278;2019-04-01:19:07;+27.8;	+29.8;	+68.0;	+68.0;	+66.0
1554131281;2019-04-01:19:08;+27.8;	+29.8;	+67.0;	+67.0;	+65.0
1554131284;2019-04-01:19:08;+27.8;	+29.8;	+67.0;	+67.0;	+65.0
1554131287;2019-04-01:19:08;+27.8;	+29.8;	+68.0;	+68.0;	+65.0
1554131291;2019-04-01:19:08;+27.8;	+29.8;	+68.0;	+68.0;	+66.0
1554131294;2019-04-01:19:08;+27.8;	+29.8;	+68.0;	+68.0;	+65.0
1554131297;2019-04-01:19:08;+27.8;	+29.8;	+69.0;	+69.0;	+66.0
1554131300;2019-04-01:19:08;+27.8;	+29.8;	+68.0;	+68.0;	+66.0
1554131303;2019-04-01:19:08;+27.8;	+29.8;	+69.0;	+69.0;	+66.0
1554131306;2019-04-01:19:08;+27.8;	+29.8;	+68.0;	+68.0;	+66.0
1554131309;2019-04-01:19:08;+27.8;	+29.8;	+68.0;	+68.0;	+65.0
1554131312;2019-04-01:19:08;+27.8;	+29.8;	+68.0;	+68.0;	+66.0
1554131315;2019-04-01:19:08;+27.8;	+29.8;	+68.0;	+68.0;	+66.0
1554131318;2019-04-01:19:08;+27.8;	+29.8;	+68.0;	+67.0;	+66.0
1554131321;2019-04-01:19:08;+27.8;	+29.8;	+67.0;	+67.0;	+66.0
1554131324;2019-04-01:19:08;+27.8;	+29.8;	+68.0;	+68.0;	+65.0
1554131328;2019-04-01:19:08;+27.8;	+29.8;	+69.0;	+69.0;	+67.0
1554131331;2019-04-01:19:08;+27.8;	+29.8;	+68.0;	+68.0;	+65.0
1554131334;2019-04-01:19:08;+27.8;	+29.8;	+69.0;	+69.0;	+65.0
1554131337;2019-04-01:19:08;+27.8;	+29.8;	+68.0;	+68.0;	+65.0
1554131340;2019-04-01:19:09;+27.8;	+29.8;	+67.0;	+67.0;	+66.0
1554131343;2019-04-01:19:09;+27.8;	+29.8;	+69.0;	+69.0;	+66.0
1554131346;2019-04-01:19:09;+27.8;	+29.8;	+68.0;	+68.0;	+67.0
1554131349;2019-04-01:19:09;+27.8;	+29.8;	+68.0;	+68.0;	+66.0
1554131352;2019-04-01:19:09;+27.8;	+29.8;	+68.0;	+68.0;	+65.0
1554131355;2019-04-01:19:09;+27.8;	+29.8;	+68.0;	+68.0;	+65.0
1554131358;2019-04-01:19:09;+27.8;	+29.8;	+69.0;	+69.0;	+65.0
1554131361;2019-04-01:19:09;+27.8;	+29.8;	+68.0;	+68.0;	+65.0
1554131364;2019-04-01:19:09;+27.8;	+29.8;	+67.0;	+67.0;	+67.0
1554131367;2019-04-01:19:09;+27.8;	+29.8;	+68.0;	+68.0;	+64.0
1554131370;2019-04-01:19:09;+27.8;	+29.8;	+68.0;	+68.0;	+65.0
1554131373;2019-04-01:19:09;+27.8;	+29.8;	+68.0;	+68.0;	+66.0
1554131376;2019-04-01:19:09;+27.8;	+29.8;	+69.0;	+69.0;	+66.0
1554131379;2019-04-01:19:09;+27.8;	+29.8;	+50.0;	+50.0;	+49.0
1554131383;2019-04-01:19:09;+27.8;	+29.8;	+50.0;	+49.0;	+48.0
1554131386;2019-04-01:19:09;+27.8;	+29.8;	+67.0;	+67.0;	+64.0
1554131389;2019-04-01:19:09;+27.8;	+29.8;	+67.0;	+67.0;	+66.0
1554131392;2019-04-01:19:09;+27.8;	+29.8;	+68.0;	+68.0;	+65.0
1554131395;2019-04-01:19:09;+27.8;	+29.8;	+68.0;	+68.0;	+66.0
1554131398;2019-04-01:19:09;+27.8;	+29.8;	+69.0;	+69.0;	+64.0
1554131401;2019-04-01:19:10;+27.8;	+29.8;	+68.0;	+68.0;	+65.0
1554131404;2019-04-01:19:10;+27.8;	+29.8;	+69.0;	+69.0;	+64.0
1554131407;2019-04-01:19:10;+27.8;	+29.8;	+69.0;	+69.0;	+65.0
1554131410;2019-04-01:19:10;+27.8;	+29.8;	+69.0;	+69.0;	+66.0
1554131413;2019-04-01:19:10;+27.8;	+29.8;	+68.0;	+69.0;	+65.0
1554131416;2019-04-01:19:10;+27.8;	+29.8;	+69.0;	+69.0;	+65.0
1554131419;2019-04-01:19:10;+27.8;	+29.8;	+69.0;	+69.0;	+66.0
1554131422;2019-04-01:19:10;+27.8;	+29.8;	+69.0;	+69.0;	+66.0
1554131425;2019-04-01:19:10;+27.8;	+29.8;	+68.0;	+68.0;	+66.0
1554131428;2019-04-01:19:10;+27.8;	+29.8;	+68.0;	+68.0;	+66.0
1554131431;2019-04-01:19:10;+27.8;	+29.8;	+67.0;	+67.0;	+65.0
1554131434;2019-04-01:19:10;+27.8;	+29.8;	+68.0;	+68.0;	+65.0
1554131437;2019-04-01:19:10;+27.8;	+29.8;	+68.0;	+68.0;	+66.0
1554131440;2019-04-01:19:10;+27.8;	+29.8;	+68.0;	+68.0;	+66.0
1554131443;2019-04-01:19:10;+27.8;	+29.8;	+68.0;	+68.0;	+67.0
1554131446;2019-04-01:19:10;+27.8;	+29.8;	+68.0;	+68.0;	+66.0
1554131449;2019-04-01:19:10;+27.8;	+29.8;	+69.0;	+69.0;	+66.0
1554131452;2019-04-01:19:10;+27.8;	+29.8;	+68.0;	+68.0;	+65.0
1554131456;2019-04-01:19:10;+27.8;	+29.8;	+50.0;	+50.0;	+49.0
1554131459;2019-04-01:19:10;+27.8;	+29.8;	+50.0;	+50.0;	+49.0
1554131462;2019-04-01:19:11;+27.8;	+29.8;	+67.0;	+67.0;	+65.0
1554131465;2019-04-01:19:11;+27.8;	+29.8;	+68.0;	+68.0;	+65.0
1554131468;2019-04-01:19:11;+27.8;	+29.8;	+67.0;	+67.0;	+66.0
1554131471;2019-04-01:19:11;+27.8;	+29.8;	+69.0;	+69.0;	+66.0
1554131474;2019-04-01:19:11;+27.8;	+29.8;	+68.0;	+68.0;	+65.0
1554131477;2019-04-01:19:11;+27.8;	+29.8;	+68.0;	+68.0;	+65.0
1554131480;2019-04-01:19:11;+27.8;	+29.8;	+68.0;	+68.0;	+66.0
1554131483;2019-04-01:19:11;+27.8;	+29.8;	+68.0;	+68.0;	+65.0
1554131486;2019-04-01:19:11;+27.8;	+29.8;	+67.0;	+67.0;	+65.0
1554131489;2019-04-01:19:11;+27.8;	+29.8;	+68.0;	+68.0;	+66.0
1554131492;2019-04-01:19:11;+27.8;	+29.8;	+68.0;	+68.0;	+65.0
1554131495;2019-04-01:19:11;+27.8;	+29.8;	+68.0;	+68.0;	+66.0
1554131498;2019-04-01:19:11;+27.8;	+29.8;	+69.0;	+69.0;	+64.0
1554131501;2019-04-01:19:11;+27.8;	+29.8;	+68.0;	+68.0;	+67.0
1554131504;2019-04-01:19:11;+27.8;	+29.8;	+68.0;	+68.0;	+65.0
1554131507;2019-04-01:19:11;+27.8;	+29.8;	+69.0;	+69.0;	+65.0
1554131510;2019-04-01:19:11;+27.8;	+29.8;	+69.0;	+69.0;	+66.0
1554131513;2019-04-01:19:11;+27.8;	+29.8;	+68.0;	+68.0;	+67.0
1554131517;2019-04-01:19:11;+27.8;	+29.8;	+69.0;	+69.0;	+65.0
1554131520;2019-04-01:19:12;+27.8;	+29.8;	+69.0;	+69.0;	+66.0
1554131523;2019-04-01:19:12;+27.8;	+29.8;	+69.0;	+69.0;	+66.0
1554131526;2019-04-01:19:12;+27.8;	+29.8;	+69.0;	+69.0;	+66.0
1554131529;2019-04-01:19:12;+27.8;	+29.8;	+67.0;	+67.0;	+66.0
1554131532;2019-04-01:19:12;+27.8;	+29.8;	+68.0;	+68.0;	+64.0
1554131535;2019-04-01:19:12;+27.8;	+29.8;	+69.0;	+69.0;	+64.0
1554131538;2019-04-01:19:12;+27.8;	+29.8;	+68.0;	+68.0;	+66.0
1554131541;2019-04-01:19:12;+27.8;	+29.8;	+68.0;	+68.0;	+65.0
1554131544;2019-04-01:19:12;+27.8;	+29.8;	+69.0;	+69.0;	+66.0
1554131547;2019-04-01:19:12;+27.8;	+29.8;	+68.0;	+68.0;	+66.0
1554131550;2019-04-01:19:12;+27.8;	+29.8;	+69.0;	+69.0;	+65.0
1554131553;2019-04-01:19:12;+27.8;	+29.8;	+68.0;	+68.0;	+66.0
1554131556;2019-04-01:19:12;+27.8;	+29.8;	+68.0;	+68.0;	+65.0
1554131559;2019-04-01:19:12;+27.8;	+29.8;	+69.0;	+69.0;	+65.0
1554131562;2019-04-01:19:12;+27.8;	+29.8;	+68.0;	+68.0;	+66.0
1554131565;2019-04-01:19:12;+27.8;	+29.8;	+69.0;	+69.0;	+65.0
1554131568;2019-04-01:19:12;+27.8;	+29.8;	+69.0;	+69.0;	+66.0
1554131571;2019-04-01:19:12;+27.8;	+29.8;	+68.0;	+68.0;	+65.0
1554131574;2019-04-01:19:12;+27.8;	+29.8;	+69.0;	+69.0;	+66.0
1554131577;2019-04-01:19:12;+27.8;	+29.8;	+68.0;	+68.0;	+65.0
1554131580;2019-04-01:19:13;+27.8;	+29.8;	+68.0;	+68.0;	+66.0
1554131583;2019-04-01:19:13;+27.8;	+29.8;	+68.0;	+68.0;	+64.0
1554131586;2019-04-01:19:13;+27.8;	+29.8;	+68.0;	+68.0;	+67.0
1554131589;2019-04-01:19:13;+27.8;	+29.8;	+68.0;	+68.0;	+65.0
1554131592;2019-04-01:19:13;+27.8;	+29.8;	+69.0;	+69.0;	+65.0
1554131595;2019-04-01:19:13;+27.8;	+29.8;	+68.0;	+68.0;	+67.0
1554131598;2019-04-01:19:13;+27.8;	+29.8;	+69.0;	+69.0;	+66.0
1554131601;2019-04-01:19:13;+27.8;	+29.8;	+69.0;	+69.0;	+65.0
1554131604;2019-04-01:19:13;+27.8;	+29.8;	+68.0;	+68.0;	+66.0
1554131607;2019-04-01:19:13;+27.8;	+29.8;	+67.0;	+67.0;	+65.0
1554131610;2019-04-01:19:13;+27.8;	+29.8;	+69.0;	+69.0;	+65.0
1554131613;2019-04-01:19:13;+27.8;	+29.8;	+68.0;	+68.0;	+65.0
1554131616;2019-04-01:19:13;+27.8;	+29.8;	+69.0;	+69.0;	+66.0
1554131619;2019-04-01:19:13;+27.8;	+29.8;	+68.0;	+68.0;	+66.0
1554131622;2019-04-01:19:13;+27.8;	+29.8;	+68.0;	+68.0;	+65.0
1554131625;2019-04-01:19:13;+27.8;	+29.8;	+69.0;	+69.0;	+65.0
1554131628;2019-04-01:19:13;+27.8;	+29.8;	+68.0;	+68.0;	+65.0
1554131631;2019-04-01:19:13;+27.8;	+29.8;	+68.0;	+68.0;	+66.0
1554131634;2019-04-01:19:13;+27.8;	+29.8;	+68.0;	+68.0;	+66.0
1554131637;2019-04-01:19:13;+27.8;	+29.8;	+69.0;	+69.0;	+66.0
1554131640;2019-04-01:19:14;+27.8;	+29.8;	+70.0;	+70.0;	+66.0
1554131643;2019-04-01:19:14;+27.8;	+29.8;	+67.0;	+67.0;	+66.0
1554131646;2019-04-01:19:14;+27.8;	+29.8;	+69.0;	+69.0;	+66.0
1554131649;2019-04-01:19:14;+27.8;	+29.8;	+68.0;	+68.0;	+65.0
1554131652;2019-04-01:19:14;+27.8;	+29.8;	+68.0;	+68.0;	+66.0
1554131655;2019-04-01:19:14;+27.8;	+29.8;	+68.0;	+69.0;	+65.0
1554131658;2019-04-01:19:14;+27.8;	+29.8;	+68.0;	+68.0;	+65.0
1554131662;2019-04-01:19:14;+27.8;	+29.8;	+69.0;	+69.0;	+67.0
1554131665;2019-04-01:19:14;+27.8;	+29.8;	+67.0;	+67.0;	+66.0
1554131668;2019-04-01:19:14;+27.8;	+29.8;	+69.0;	+69.0;	+65.0
1554131671;2019-04-01:19:14;+27.8;	+29.8;	+69.0;	+69.0;	+66.0
1554131674;2019-04-01:19:14;+27.8;	+29.8;	+69.0;	+69.0;	+66.0
1554131677;2019-04-01:19:14;+27.8;	+29.8;	+69.0;	+69.0;	+65.0
1554131680;2019-04-01:19:14;+27.8;	+29.8;	+68.0;	+68.0;	+66.0
1554131683;2019-04-01:19:14;+27.8;	+29.8;	+69.0;	+69.0;	+66.0
1554131686;2019-04-01:19:14;+27.8;	+29.8;	+67.0;	+67.0;	+65.0
1554131689;2019-04-01:19:14;+27.8;	+29.8;	+69.0;	+69.0;	+66.0
1554131692;2019-04-01:19:14;+27.8;	+29.8;	+68.0;	+68.0;	+65.0
1554131695;2019-04-01:19:14;+27.8;	+29.8;	+68.0;	+68.0;	+66.0
1554131698;2019-04-01:19:14;+27.8;	+29.8;	+69.0;	+69.0;	+66.0
1554131702;2019-04-01:19:15;+27.8;	+29.8;	+52.0;	+52.0;	+50.0
1554131705;2019-04-01:19:15;+27.8;	+29.8;	+51.0;	+50.0;	+48.0
1554131708;2019-04-01:19:15;+27.8;	+29.8;	+49.0;	+49.0;	+48.0
1554131711;2019-04-01:19:15;+27.8;	+29.8;	+67.0;	+67.0;	+64.0
1554131715;2019-04-01:19:15;+27.8;	+29.8;	+67.0;	+67.0;	+66.0
1554131718;2019-04-01:19:15;+27.8;	+29.8;	+68.0;	+68.0;	+65.0
1554131721;2019-04-01:19:15;+27.8;	+29.8;	+68.0;	+68.0;	+66.0
1554131724;2019-04-01:19:15;+27.8;	+29.8;	+67.0;	+67.0;	+66.0
1554131727;2019-04-01:19:15;+27.8;	+29.8;	+69.0;	+69.0;	+65.0
1554131730;2019-04-01:19:15;+27.8;	+29.8;	+68.0;	+68.0;	+65.0
1554131733;2019-04-01:19:15;+27.8;	+29.8;	+69.0;	+69.0;	+65.0
1554131736;2019-04-01:19:15;+27.8;	+29.8;	+67.0;	+67.0;	+66.0
1554131739;2019-04-01:19:15;+27.8;	+29.8;	+68.0;	+68.0;	+65.0
1554131742;2019-04-01:19:15;+27.8;	+29.8;	+68.0;	+68.0;	+66.0
1554131745;2019-04-01:19:15;+27.8;	+29.8;	+68.0;	+68.0;	+66.0
1554131748;2019-04-01:19:15;+27.8;	+29.8;	+68.0;	+68.0;	+66.0
1554131751;2019-04-01:19:15;+27.8;	+29.8;	+69.0;	+69.0;	+66.0
1554131754;2019-04-01:19:15;+27.8;	+29.8;	+68.0;	+68.0;	+66.0
1554131757;2019-04-01:19:15;+27.8;	+29.8;	+68.0;	+68.0;	+66.0
1554131761;2019-04-01:19:16;+27.8;	+29.8;	+68.0;	+68.0;	+64.0
1554131764;2019-04-01:19:16;+27.8;	+29.8;	+68.0;	+68.0;	+66.0
1554131767;2019-04-01:19:16;+27.8;	+29.8;	+69.0;	+69.0;	+66.0
1554131770;2019-04-01:19:16;+27.8;	+29.8;	+68.0;	+68.0;	+65.0
1554131773;2019-04-01:19:16;+27.8;	+29.8;	+69.0;	+69.0;	+66.0
1554131776;2019-04-01:19:16;+27.8;	+29.8;	+68.0;	+68.0;	+66.0
1554131779;2019-04-01:19:16;+27.8;	+29.8;	+69.0;	+69.0;	+66.0
1554131782;2019-04-01:19:16;+27.8;	+29.8;	+69.0;	+69.0;	+66.0
1554131785;2019-04-01:19:16;+27.8;	+29.8;	+69.0;	+69.0;	+66.0
1554131788;2019-04-01:19:16;+27.8;	+29.8;	+67.0;	+67.0;	+65.0
1554131791;2019-04-01:19:16;+27.8;	+29.8;	+68.0;	+68.0;	+66.0
1554131794;2019-04-01:19:16;+27.8;	+29.8;	+69.0;	+69.0;	+66.0
1554131797;2019-04-01:19:16;+27.8;	+29.8;	+69.0;	+69.0;	+66.0
1554131800;2019-04-01:19:16;+27.8;	+29.8;	+69.0;	+69.0;	+66.0
1554131803;2019-04-01:19:16;+27.8;	+29.8;	+68.0;	+68.0;	+66.0
1554131806;2019-04-01:19:16;+27.8;	+29.8;	+67.0;	+67.0;	+66.0
1554131809;2019-04-01:19:16;+27.8;	+29.8;	+67.0;	+67.0;	+66.0
1554131813;2019-04-01:19:16;+27.8;	+29.8;	+68.0;	+68.0;	+66.0
1554131816;2019-04-01:19:16;+27.8;	+29.8;	+69.0;	+69.0;	+65.0
1554131819;2019-04-01:19:16;+27.8;	+29.8;	+68.0;	+68.0;	+66.0
1554131822;2019-04-01:19:17;+27.8;	+29.8;	+69.0;	+69.0;	+66.0
1554131825;2019-04-01:19:17;+27.8;	+29.8;	+68.0;	+68.0;	+66.0
1554131828;2019-04-01:19:17;+27.8;	+29.8;	+68.0;	+68.0;	+66.0
1554131831;2019-04-01:19:17;+27.8;	+29.8;	+68.0;	+68.0;	+66.0
1554131834;2019-04-01:19:17;+27.8;	+29.8;	+68.0;	+68.0;	+66.0
1554131837;2019-04-01:19:17;+27.8;	+29.8;	+68.0;	+68.0;	+67.0
1554131840;2019-04-01:19:17;+27.8;	+29.8;	+69.0;	+69.0;	+66.0
1554131843;2019-04-01:19:17;+27.8;	+29.8;	+68.0;	+68.0;	+66.0
1554131846;2019-04-01:19:17;+27.8;	+29.8;	+68.0;	+68.0;	+66.0
1554131849;2019-04-01:19:17;+27.8;	+29.8;	+69.0;	+69.0;	+65.0
1554131852;2019-04-01:19:17;+27.8;	+29.8;	+69.0;	+69.0;	+66.0
1554131855;2019-04-01:19:17;+27.8;	+29.8;	+68.0;	+68.0;	+66.0
1554131858;2019-04-01:19:17;+27.8;	+29.8;	+68.0;	+68.0;	+66.0
1554131861;2019-04-01:19:17;+27.8;	+29.8;	+68.0;	+68.0;	+65.0
1554131864;2019-04-01:19:17;+27.8;	+29.8;	+69.0;	+69.0;	+66.0
1554131867;2019-04-01:19:17;+27.8;	+29.8;	+69.0;	+69.0;	+65.0
1554131870;2019-04-01:19:17;+27.8;	+29.8;	+69.0;	+69.0;	+65.0
1554131873;2019-04-01:19:17;+27.8;	+29.8;	+67.0;	+67.0;	+66.0
1554131876;2019-04-01:19:17;+27.8;	+29.8;	+68.0;	+68.0;	+67.0
1554131879;2019-04-01:19:17;+27.8;	+29.8;	+67.0;	+67.0;	+66.0
1554131882;2019-04-01:19:18;+27.8;	+29.8;	+68.0;	+68.0;	+67.0
1554131885;2019-04-01:19:18;+27.8;	+29.8;	+69.0;	+69.0;	+66.0
1554131888;2019-04-01:19:18;+27.8;	+29.8;	+69.0;	+69.0;	+65.0
1554131891;2019-04-01:19:18;+27.8;	+29.8;	+68.0;	+68.0;	+65.0
1554131894;2019-04-01:19:18;+27.8;	+29.8;	+69.0;	+69.0;	+66.0
1554131897;2019-04-01:19:18;+27.8;	+29.8;	+68.0;	+68.0;	+66.0
1554131900;2019-04-01:19:18;+27.8;	+29.8;	+68.0;	+68.0;	+66.0
1554131903;2019-04-01:19:18;+27.8;	+29.8;	+68.0;	+68.0;	+66.0
1554131906;2019-04-01:19:18;+27.8;	+29.8;	+68.0;	+68.0;	+66.0
1554131909;2019-04-01:19:18;+27.8;	+29.8;	+68.0;	+68.0;	+66.0
1554131912;2019-04-01:19:18;+27.8;	+29.8;	+69.0;	+69.0;	+66.0
1554131915;2019-04-01:19:18;+27.8;	+29.8;	+68.0;	+68.0;	+66.0
1554131918;2019-04-01:19:18;+27.8;	+29.8;	+68.0;	+68.0;	+66.0
1554131921;2019-04-01:19:18;+27.8;	+29.8;	+69.0;	+69.0;	+66.0
1554131924;2019-04-01:19:18;+27.8;	+29.8;	+69.0;	+69.0;	+66.0
1554131927;2019-04-01:19:18;+27.8;	+29.8;	+68.0;	+68.0;	+65.0
1554131930;2019-04-01:19:18;+27.8;	+29.8;	+69.0;	+69.0;	+67.0
1554131933;2019-04-01:19:18;+27.8;	+29.8;	+69.0;	+69.0;	+66.0
1554131936;2019-04-01:19:18;+27.8;	+29.8;	+68.0;	+68.0;	+66.0
1554131939;2019-04-01:19:18;+27.8;	+29.8;	+68.0;	+68.0;	+66.0
1554131942;2019-04-01:19:19;+27.8;	+29.8;	+68.0;	+68.0;	+66.0
1554131945;2019-04-01:19:19;+27.8;	+29.8;	+69.0;	+69.0;	+66.0
1554131948;2019-04-01:19:19;+27.8;	+29.8;	+69.0;	+69.0;	+66.0
1554131951;2019-04-01:19:19;+27.8;	+29.8;	+68.0;	+68.0;	+64.0
1554131954;2019-04-01:19:19;+27.8;	+29.8;	+69.0;	+69.0;	+66.0
1554131957;2019-04-01:19:19;+27.8;	+29.8;	+70.0;	+70.0;	+66.0
1554131960;2019-04-01:19:19;+27.8;	+29.8;	+69.0;	+69.0;	+67.0
1554131963;2019-04-01:19:19;+27.8;	+29.8;	+69.0;	+69.0;	+66.0
1554131967;2019-04-01:19:19;+27.8;	+29.8;	+68.0;	+68.0;	+66.0
1554131970;2019-04-01:19:19;+27.8;	+29.8;	+67.0;	+67.0;	+66.0
1554131973;2019-04-01:19:19;+27.8;	+29.8;	+68.0;	+68.0;	+66.0
1554131976;2019-04-01:19:19;+27.8;	+29.8;	+69.0;	+69.0;	+65.0
1554131979;2019-04-01:19:19;+27.8;	+29.8;	+68.0;	+68.0;	+66.0
1554131982;2019-04-01:19:19;+27.8;	+29.8;	+69.0;	+69.0;	+67.0
1554131985;2019-04-01:19:19;+27.8;	+29.8;	+69.0;	+69.0;	+66.0
1554131988;2019-04-01:19:19;+27.8;	+29.8;	+69.0;	+69.0;	+66.0
1554131991;2019-04-01:19:19;+27.8;	+29.8;	+69.0;	+69.0;	+66.0
1554131994;2019-04-01:19:19;+27.8;	+29.8;	+68.0;	+68.0;	+65.0
1554131997;2019-04-01:19:19;+27.8;	+29.8;	+68.0;	+68.0;	+65.0
1554132000;2019-04-01:19:20;+27.8;	+29.8;	+67.0;	+67.0;	+66.0
1554132003;2019-04-01:19:20;+27.8;	+29.8;	+68.0;	+68.0;	+66.0
1554132006;2019-04-01:19:20;+27.8;	+29.8;	+68.0;	+68.0;	+66.0
1554132009;2019-04-01:19:20;+27.8;	+29.8;	+69.0;	+69.0;	+66.0
1554132012;2019-04-01:19:20;+27.8;	+29.8;	+69.0;	+69.0;	+66.0
1554132015;2019-04-01:19:20;+27.8;	+29.8;	+69.0;	+69.0;	+66.0
1554132018;2019-04-01:19:20;+27.8;	+29.8;	+68.0;	+68.0;	+65.0
1554132021;2019-04-01:19:20;+27.8;	+29.8;	+68.0;	+68.0;	+66.0
1554132024;2019-04-01:19:20;+27.8;	+29.8;	+69.0;	+69.0;	+65.0
1554132027;2019-04-01:19:20;+27.8;	+29.8;	+69.0;	+69.0;	+65.0
1554132030;2019-04-01:19:20;+27.8;	+29.8;	+68.0;	+68.0;	+66.0
1554132033;2019-04-01:19:20;+27.8;	+29.8;	+69.0;	+69.0;	+66.0
1554132036;2019-04-01:19:20;+27.8;	+29.8;	+69.0;	+69.0;	+66.0
1554132039;2019-04-01:19:20;+27.8;	+29.8;	+69.0;	+69.0;	+66.0
1554132042;2019-04-01:19:20;+27.8;	+29.8;	+69.0;	+69.0;	+66.0
1554132045;2019-04-01:19:20;+27.8;	+29.8;	+69.0;	+69.0;	+66.0
1554132048;2019-04-01:19:20;+27.8;	+29.8;	+68.0;	+68.0;	+66.0
1554132052;2019-04-01:19:20;+27.8;	+29.8;	+69.0;	+69.0;	+66.0
1554132055;2019-04-01:19:20;+27.8;	+29.8;	+69.0;	+69.0;	+66.0
1554132058;2019-04-01:19:20;+27.8;	+29.8;	+69.0;	+69.0;	+66.0
1554132061;2019-04-01:19:21;+27.8;	+29.8;	+69.0;	+69.0;	+65.0
1554132064;2019-04-01:19:21;+27.8;	+29.8;	+69.0;	+69.0;	+66.0
1554132067;2019-04-01:19:21;+27.8;	+29.8;	+69.0;	+69.0;	+65.0
1554132070;2019-04-01:19:21;+27.8;	+29.8;	+69.0;	+69.0;	+65.0
1554132073;2019-04-01:19:21;+27.8;	+29.8;	+69.0;	+69.0;	+65.0
1554132076;2019-04-01:19:21;+27.8;	+29.8;	+69.0;	+69.0;	+66.0
1554132079;2019-04-01:19:21;+27.8;	+29.8;	+69.0;	+69.0;	+67.0
1554132082;2019-04-01:19:21;+27.8;	+29.8;	+68.0;	+68.0;	+66.0
1554132085;2019-04-01:19:21;+27.8;	+29.8;	+68.0;	+68.0;	+67.0
1554132088;2019-04-01:19:21;+27.8;	+29.8;	+69.0;	+69.0;	+66.0
1554132091;2019-04-01:19:21;+27.8;	+29.8;	+69.0;	+69.0;	+66.0
1554132094;2019-04-01:19:21;+27.8;	+29.8;	+68.0;	+68.0;	+66.0
1554132097;2019-04-01:19:21;+27.8;	+29.8;	+67.0;	+67.0;	+64.0
1554132100;2019-04-01:19:21;+27.8;	+29.8;	+68.0;	+68.0;	+66.0
1554132103;2019-04-01:19:21;+27.8;	+29.8;	+69.0;	+68.0;	+66.0
1554132106;2019-04-01:19:21;+27.8;	+29.8;	+68.0;	+68.0;	+66.0
1554132109;2019-04-01:19:21;+27.8;	+29.8;	+67.0;	+67.0;	+66.0
1554132112;2019-04-01:19:21;+27.8;	+29.8;	+69.0;	+69.0;	+65.0
1554132115;2019-04-01:19:21;+27.8;	+29.8;	+68.0;	+68.0;	+65.0
1554132118;2019-04-01:19:21;+27.8;	+29.8;	+68.0;	+68.0;	+66.0
1554132121;2019-04-01:19:22;+27.8;	+29.8;	+68.0;	+68.0;	+66.0
1554132124;2019-04-01:19:22;+27.8;	+29.8;	+69.0;	+69.0;	+66.0
1554132127;2019-04-01:19:22;+27.8;	+29.8;	+69.0;	+69.0;	+66.0
1554132130;2019-04-01:19:22;+27.8;	+29.8;	+68.0;	+68.0;	+66.0
1554132133;2019-04-01:19:22;+27.8;	+29.8;	+68.0;	+68.0;	+65.0
1554132136;2019-04-01:19:22;+27.8;	+29.8;	+68.0;	+68.0;	+66.0
1554132139;2019-04-01:19:22;+27.8;	+29.8;	+69.0;	+69.0;	+66.0
1554132142;2019-04-01:19:22;+27.8;	+29.8;	+68.0;	+68.0;	+65.0
1554132145;2019-04-01:19:22;+27.8;	+29.8;	+69.0;	+69.0;	+66.0
1554132148;2019-04-01:19:22;+27.8;	+29.8;	+70.0;	+70.0;	+65.0
1554132151;2019-04-01:19:22;+27.8;	+29.8;	+69.0;	+69.0;	+66.0
1554132154;2019-04-01:19:22;+27.8;	+29.8;	+69.0;	+69.0;	+65.0
1554132157;2019-04-01:19:22;+27.8;	+29.8;	+67.0;	+67.0;	+66.0
1554132160;2019-04-01:19:22;+27.8;	+29.8;	+69.0;	+69.0;	+65.0
1554132163;2019-04-01:19:22;+27.8;	+29.8;	+69.0;	+69.0;	+66.0
1554132166;2019-04-01:19:22;+27.8;	+29.8;	+68.0;	+68.0;	+66.0
1554132169;2019-04-01:19:22;+27.8;	+29.8;	+69.0;	+69.0;	+65.0
1554132172;2019-04-01:19:22;+27.8;	+29.8;	+69.0;	+69.0;	+66.0
1554132175;2019-04-01:19:22;+27.8;	+29.8;	+70.0;	+70.0;	+66.0
1554132178;2019-04-01:19:22;+27.8;	+29.8;	+69.0;	+69.0;	+67.0
1554132181;2019-04-01:19:23;+27.8;	+29.8;	+68.0;	+68.0;	+66.0
1554132184;2019-04-01:19:23;+27.8;	+29.8;	+69.0;	+69.0;	+65.0
1554132187;2019-04-01:19:23;+27.8;	+29.8;	+69.0;	+69.0;	+66.0
1554132190;2019-04-01:19:23;+27.8;	+29.8;	+50.0;	+50.0;	+49.0
1554132193;2019-04-01:19:23;+27.8;	+29.8;	+50.0;	+49.0;	+48.0
1554132197;2019-04-01:19:23;+27.8;	+29.8;	+67.0;	+67.0;	+65.0
1554132200;2019-04-01:19:23;+27.8;	+29.8;	+68.0;	+68.0;	+65.0
1554132203;2019-04-01:19:23;+27.8;	+29.8;	+50.0;	+50.0;	+49.0
1554132206;2019-04-01:19:23;+27.8;	+29.8;	+49.0;	+49.0;	+48.0
1554132209;2019-04-01:19:23;+27.8;	+29.8;	+49.0;	+49.0;	+47.0
1554132212;2019-04-01:19:23;+27.8;	+29.8;	+48.0;	+48.0;	+47.0
1554132215;2019-04-01:19:23;+27.8;	+29.8;	+50.0;	+50.0;	+49.0
1554132218;2019-04-01:19:23;+27.8;	+29.8;	+48.0;	+48.0;	+47.0
1554132221;2019-04-01:19:23;+27.8;	+29.8;	+50.0;	+51.0;	+51.0
1554132224;2019-04-01:19:23;+27.8;	+29.8;	+48.0;	+47.0;	+47.0
1554132227;2019-04-01:19:23;+27.8;	+29.8;	+48.0;	+47.0;	+47.0
1554132230;2019-04-01:19:23;+27.8;	+29.8;	+47.0;	+47.0;	+47.0
1554132233;2019-04-01:19:23;+27.8;	+29.8;	+48.0;	+47.0;	+46.0
1554132236;2019-04-01:19:23;+27.8;	+29.8;	+48.0;	+47.0;	+46.0
1554132239;2019-04-01:19:23;+27.8;	+29.8;	+47.0;	+47.0;	+46.0
1554132242;2019-04-01:19:24;+27.8;	+29.8;	+48.0;	+48.0;	+47.0
1554132245;2019-04-01:19:24;+27.8;	+29.8;	+47.0;	+46.0;	+46.0
1554132248;2019-04-01:19:24;+27.8;	+29.8;	+48.0;	+47.0;	+46.0
1554132251;2019-04-01:19:24;+27.8;	+29.8;	+47.0;	+47.0;	+46.0
1554132254;2019-04-01:19:24;+27.8;	+29.8;	+47.0;	+46.0;	+45.0
1554132257;2019-04-01:19:24;+27.8;	+29.8;	+47.0;	+46.0;	+45.0
1554132260;2019-04-01:19:24;+27.8;	+29.8;	+47.0;	+46.0;	+45.0
1554132263;2019-04-01:19:24;+27.8;	+29.8;	+46.0;	+46.0;	+45.0
1554132266;2019-04-01:19:24;+27.8;	+29.8;	+48.0;	+47.0;	+47.0
1554132269;2019-04-01:19:24;+27.8;	+29.8;	+47.0;	+46.0;	+46.0
1554132272;2019-04-01:19:24;+27.8;	+29.8;	+47.0;	+46.0;	+45.0
1554132275;2019-04-01:19:24;+27.8;	+29.8;	+47.0;	+46.0;	+46.0
1554132278;2019-04-01:19:24;+27.8;	+29.8;	+47.0;	+46.0;	+45.0
1554132281;2019-04-01:19:24;+27.8;	+29.8;	+46.0;	+46.0;	+46.0
1554132284;2019-04-01:19:24;+27.8;	+29.8;	+47.0;	+46.0;	+45.0
1554132287;2019-04-01:19:24;+27.8;	+29.8;	+47.0;	+46.0;	+45.0
1554132290;2019-04-01:19:24;+27.8;	+29.8;	+47.0;	+45.0;	+45.0
1554132293;2019-04-01:19:24;+27.8;	+29.8;	+46.0;	+46.0;	+45.0
1554132296;2019-04-01:19:24;+27.8;	+29.8;	+47.0;	+46.0;	+45.0
1554132299;2019-04-01:19:24;+27.8;	+29.8;	+46.0;	+45.0;	+45.0
1554132302;2019-04-01:19:25;+27.8;	+29.8;	+48.0;	+48.0;	+47.0
1554132305;2019-04-01:19:25;+27.8;	+29.8;	+46.0;	+45.0;	+45.0
1554132308;2019-04-01:19:25;+27.8;	+29.8;	+47.0;	+46.0;	+45.0
1554132311;2019-04-01:19:25;+27.8;	+29.8;	+46.0;	+46.0;	+45.0
1554132314;2019-04-01:19:25;+27.8;	+29.8;	+46.0;	+46.0;	+45.0
1554132317;2019-04-01:19:25;+27.8;	+29.8;	+46.0;	+46.0;	+46.0
1554132320;2019-04-01:19:25;+27.8;	+29.8;	+46.0;	+46.0;	+46.0
